2026-10-03 04:37:01,430 - INFO - --- input summary of monai.bundle.scripts.run ---
2026-10-03 04:37:01,431 - INFO - > config_file: '/tmp/gateD-fjkiani-20261003T0435Z-zo/bundle/configs/train.json'
2026-10-03 04:37:01,431 - INFO - > run_id: 'run'
2026-10-03 04:37:01,432 - INFO - > bundle_root: '/tmp/gateD-fjkiani-20261003T0435Z-zo/bundle'
2026-10-03 04:37:01,432 - INFO - > dataset_dir: '/vol/luna16/nifti_v3'
2026-10-03 04:37:01,433 - INFO - > data_list_file_path: '/tmp/gateD-fjkiani-20261003T0435Z-zo/full_datalist.json'
2026-10-03 04:37:01,433 - INFO - > ckpt_dir: '/vol/output/fullfit-v0.1/gateD-fjkiani-20261003T0435Z-zo/train/checkpoints'
2026-10-03 04:37:01,434 - INFO - > output_dir: '/vol/output/fullfit-v0.1/gateD-fjkiani-20261003T0435Z-zo/train/eval'
2026-10-03 04:37:01,434 - INFO - > epochs: 5
2026-10-03 04:37:01,434 - INFO - > learning_rate: 0.001
2026-10-03 04:37:01,435 - INFO - > batch_size: 2
2026-10-03 04:37:01,435 - INFO - > val_interval: 1
2026-10-03 04:37:01,435 - INFO - ---


2026-10-03 04:37:01,436 - INFO - Setting logging properties based on config: /tmp/gateD-fjkiani-20261003T0435Z-zo/bundle/configs/logging.conf.
2026-10-03 04:37:02,559 - root - INFO - Running ATSS Matching with num_candidates=4 and center_in_gt False.
2026-10-03 04:37:02,560 - root - INFO - Sampling hard negatives on a per batch basis
/usr/local/lib/python3.10/site-packages/monai/engines/trainer.py:54: FutureWarning: `torch.cuda.amp.GradScaler(args...)` is deprecated. Please use `torch.amp.GradScaler('cuda', args...)` instead.
  self.scaler = torch.cuda.amp.GradScaler() if self.amp else None
2026-10-03 04:37:02,682 - ignite.engine.engine.DetectionTrainer - INFO - Engine run resuming from iteration 0, epoch 0 until 5 epochs
/tmp/gateD-fjkiani-20261003T0435Z-zo/bundle/scripts/trainer.py:215: FutureWarning: `torch.cuda.amp.autocast(args...)` is deprecated. Please use `torch.amp.autocast('cuda', args...)` instead.
  with torch.cuda.amp.autocast(**engine.amp_kwargs):
2026-10-03 04:37:10,960 - INFO - Epoch: 1/5, Iter: 1/457 -- train_loss: 1.4326 
2026-10-03 04:37:11,202 - INFO - Epoch: 1/5, Iter: 2/457 -- train_loss: 1.5762 
2026-10-03 04:37:11,448 - INFO - Epoch: 1/5, Iter: 3/457 -- train_loss: 1.0039 
2026-10-03 04:37:11,735 - INFO - Epoch: 1/5, Iter: 4/457 -- train_loss: 1.2617 
2026-10-03 04:37:12,021 - INFO - Epoch: 1/5, Iter: 5/457 -- train_loss: 1.4951 
2026-10-03 04:37:12,308 - INFO - Epoch: 1/5, Iter: 6/457 -- train_loss: 1.7617 
2026-10-03 04:37:12,504 - INFO - Epoch: 1/5, Iter: 7/457 -- train_loss: 0.0884 
2026-10-03 04:37:12,750 - INFO - Epoch: 1/5, Iter: 8/457 -- train_loss: 1.3770 
2026-10-03 04:37:14,247 - INFO - Epoch: 1/5, Iter: 9/457 -- train_loss: 1.6006 
2026-10-03 04:37:15,464 - INFO - Epoch: 1/5, Iter: 10/457 -- train_loss: 1.2607 
2026-10-03 04:37:15,714 - INFO - Epoch: 1/5, Iter: 11/457 -- train_loss: 1.2598 
2026-10-03 04:37:15,966 - INFO - Epoch: 1/5, Iter: 12/457 -- train_loss: 0.9092 
2026-10-03 04:37:17,435 - INFO - Epoch: 1/5, Iter: 13/457 -- train_loss: 0.9565 
2026-10-03 04:37:19,079 - INFO - Epoch: 1/5, Iter: 14/457 -- train_loss: 1.2549 
2026-10-03 04:37:19,339 - INFO - Epoch: 1/5, Iter: 15/457 -- train_loss: 1.4121 
2026-10-03 04:37:19,590 - INFO - Epoch: 1/5, Iter: 16/457 -- train_loss: 1.1279 
2026-10-03 04:37:19,862 - INFO - Epoch: 1/5, Iter: 17/457 -- train_loss: 0.9863 
2026-10-03 04:37:21,379 - INFO - Epoch: 1/5, Iter: 18/457 -- train_loss: 0.1466 
2026-10-03 04:37:21,620 - INFO - Epoch: 1/5, Iter: 19/457 -- train_loss: 1.2520 
2026-10-03 04:37:21,867 - INFO - Epoch: 1/5, Iter: 20/457 -- train_loss: 0.9668 
2026-10-03 04:37:23,085 - INFO - Epoch: 1/5, Iter: 21/457 -- train_loss: 0.8765 
2026-10-03 04:37:25,510 - INFO - Epoch: 1/5, Iter: 22/457 -- train_loss: 1.0146 
2026-10-03 04:37:25,755 - INFO - Epoch: 1/5, Iter: 23/457 -- train_loss: 0.9746 
2026-10-03 04:37:26,010 - INFO - Epoch: 1/5, Iter: 24/457 -- train_loss: 1.0479 
2026-10-03 04:37:26,277 - INFO - Epoch: 1/5, Iter: 25/457 -- train_loss: 1.0391 
2026-10-03 04:37:28,537 - INFO - Epoch: 1/5, Iter: 26/457 -- train_loss: 0.7402 
2026-10-03 04:37:28,779 - INFO - Epoch: 1/5, Iter: 27/457 -- train_loss: 1.1152 
2026-10-03 04:37:29,023 - INFO - Epoch: 1/5, Iter: 28/457 -- train_loss: 1.1113 
2026-10-03 04:37:29,291 - INFO - Epoch: 1/5, Iter: 29/457 -- train_loss: 1.5059 
2026-10-03 04:37:30,973 - INFO - Epoch: 1/5, Iter: 30/457 -- train_loss: 0.2150 
2026-10-03 04:37:31,168 - INFO - Epoch: 1/5, Iter: 31/457 -- train_loss: 0.1456 
2026-10-03 04:37:31,414 - INFO - Epoch: 1/5, Iter: 32/457 -- train_loss: 0.8359 
2026-10-03 04:37:31,975 - INFO - Epoch: 1/5, Iter: 33/457 -- train_loss: 1.2188 
2026-10-03 04:37:34,083 - INFO - Epoch: 1/5, Iter: 34/457 -- train_loss: 0.8154 
2026-10-03 04:37:34,273 - INFO - Epoch: 1/5, Iter: 35/457 -- train_loss: 0.0992 
2026-10-03 04:37:34,515 - INFO - Epoch: 1/5, Iter: 36/457 -- train_loss: 0.8682 
2026-10-03 04:37:34,792 - INFO - Epoch: 1/5, Iter: 37/457 -- train_loss: 0.9438 
2026-10-03 04:37:37,795 - INFO - Epoch: 1/5, Iter: 38/457 -- train_loss: 0.7832 
2026-10-03 04:37:38,037 - INFO - Epoch: 1/5, Iter: 39/457 -- train_loss: 0.6470 
2026-10-03 04:37:38,288 - INFO - Epoch: 1/5, Iter: 40/457 -- train_loss: 0.9653 
2026-10-03 04:37:38,540 - INFO - Epoch: 1/5, Iter: 41/457 -- train_loss: 0.8721 
2026-10-03 04:37:41,572 - INFO - Epoch: 1/5, Iter: 42/457 -- train_loss: 0.6768 
2026-10-03 04:37:41,830 - INFO - Epoch: 1/5, Iter: 43/457 -- train_loss: 1.2490 
2026-10-03 04:37:42,083 - INFO - Epoch: 1/5, Iter: 44/457 -- train_loss: 0.8389 
2026-10-03 04:37:42,330 - INFO - Epoch: 1/5, Iter: 45/457 -- train_loss: 0.8623 
2026-10-03 04:37:45,601 - INFO - Epoch: 1/5, Iter: 46/457 -- train_loss: 1.1113 
2026-10-03 04:37:45,791 - INFO - Epoch: 1/5, Iter: 47/457 -- train_loss: 0.1689 
2026-10-03 04:37:46,036 - INFO - Epoch: 1/5, Iter: 48/457 -- train_loss: 0.9150 
2026-10-03 04:37:46,282 - INFO - Epoch: 1/5, Iter: 49/457 -- train_loss: 1.0332 
2026-10-03 04:37:48,598 - INFO - Epoch: 1/5, Iter: 50/457 -- train_loss: 0.8530 
2026-10-03 04:37:48,854 - INFO - Epoch: 1/5, Iter: 51/457 -- train_loss: 1.1807 
2026-10-03 04:37:49,099 - INFO - Epoch: 1/5, Iter: 52/457 -- train_loss: 0.5063 
2026-10-03 04:37:49,346 - INFO - Epoch: 1/5, Iter: 53/457 -- train_loss: 0.5234 
2026-10-03 04:37:51,655 - INFO - Epoch: 1/5, Iter: 54/457 -- train_loss: 1.0361 
2026-10-03 04:37:51,895 - INFO - Epoch: 1/5, Iter: 55/457 -- train_loss: 0.7080 
2026-10-03 04:37:52,151 - INFO - Epoch: 1/5, Iter: 56/457 -- train_loss: 1.1289 
2026-10-03 04:37:52,405 - INFO - Epoch: 1/5, Iter: 57/457 -- train_loss: 0.9165 
2026-10-03 04:37:55,876 - INFO - Epoch: 1/5, Iter: 58/457 -- train_loss: 0.7852 
2026-10-03 04:37:56,131 - INFO - Epoch: 1/5, Iter: 59/457 -- train_loss: 1.2793 
2026-10-03 04:37:56,385 - INFO - Epoch: 1/5, Iter: 60/457 -- train_loss: 1.1816 
2026-10-03 04:37:56,630 - INFO - Epoch: 1/5, Iter: 61/457 -- train_loss: 0.8789 
2026-10-03 04:37:57,762 - INFO - Epoch: 1/5, Iter: 62/457 -- train_loss: 0.8311 
2026-10-03 04:37:58,005 - INFO - Epoch: 1/5, Iter: 63/457 -- train_loss: 0.7798 
2026-10-03 04:37:58,265 - INFO - Epoch: 1/5, Iter: 64/457 -- train_loss: 0.8555 
2026-10-03 04:37:58,457 - INFO - Epoch: 1/5, Iter: 65/457 -- train_loss: 0.2421 
2026-10-03 04:38:00,289 - INFO - Epoch: 1/5, Iter: 66/457 -- train_loss: 0.5156 
2026-10-03 04:38:00,533 - INFO - Epoch: 1/5, Iter: 67/457 -- train_loss: 0.6753 
2026-10-03 04:38:01,582 - INFO - Epoch: 1/5, Iter: 68/457 -- train_loss: 0.9102 
2026-10-03 04:38:01,826 - INFO - Epoch: 1/5, Iter: 69/457 -- train_loss: 0.7949 
2026-10-03 04:38:02,079 - INFO - Epoch: 1/5, Iter: 70/457 -- train_loss: 0.7686 
2026-10-03 04:38:02,336 - INFO - Epoch: 1/5, Iter: 71/457 -- train_loss: 1.0117 
2026-10-03 04:38:04,336 - INFO - Epoch: 1/5, Iter: 72/457 -- train_loss: 1.0557 
2026-10-03 04:38:04,583 - INFO - Epoch: 1/5, Iter: 73/457 -- train_loss: 0.6836 
2026-10-03 04:38:04,841 - INFO - Epoch: 1/5, Iter: 74/457 -- train_loss: 0.8623 
2026-10-03 04:38:05,047 - INFO - Epoch: 1/5, Iter: 75/457 -- train_loss: 0.1982 
2026-10-03 04:38:08,264 - INFO - Epoch: 1/5, Iter: 76/457 -- train_loss: 0.9141 
2026-10-03 04:38:08,518 - INFO - Epoch: 1/5, Iter: 77/457 -- train_loss: 0.9087 
2026-10-03 04:38:08,726 - INFO - Epoch: 1/5, Iter: 78/457 -- train_loss: 0.1936 
2026-10-03 04:38:08,924 - INFO - Epoch: 1/5, Iter: 79/457 -- train_loss: 0.1996 
2026-10-03 04:38:10,674 - INFO - Epoch: 1/5, Iter: 80/457 -- train_loss: 0.1746 
2026-10-03 04:38:10,930 - INFO - Epoch: 1/5, Iter: 81/457 -- train_loss: 1.2119 
2026-10-03 04:38:11,596 - INFO - Epoch: 1/5, Iter: 82/457 -- train_loss: 1.1230 
2026-10-03 04:38:13,093 - INFO - Epoch: 1/5, Iter: 83/457 -- train_loss: 1.0137 
2026-10-03 04:38:13,346 - INFO - Epoch: 1/5, Iter: 84/457 -- train_loss: 0.9731 
2026-10-03 04:38:13,601 - INFO - Epoch: 1/5, Iter: 85/457 -- train_loss: 1.1582 
2026-10-03 04:38:17,237 - INFO - Epoch: 1/5, Iter: 86/457 -- train_loss: 0.7451 
2026-10-03 04:38:17,488 - INFO - Epoch: 1/5, Iter: 87/457 -- train_loss: 0.8184 
2026-10-03 04:38:17,737 - INFO - Epoch: 1/5, Iter: 88/457 -- train_loss: 0.9775 
2026-10-03 04:38:17,938 - INFO - Epoch: 1/5, Iter: 89/457 -- train_loss: 0.2396 
2026-10-03 04:38:19,813 - INFO - Epoch: 1/5, Iter: 90/457 -- train_loss: 0.9238 
2026-10-03 04:38:20,060 - INFO - Epoch: 1/5, Iter: 91/457 -- train_loss: 0.6221 
2026-10-03 04:38:20,315 - INFO - Epoch: 1/5, Iter: 92/457 -- train_loss: 0.9766 
2026-10-03 04:38:20,567 - INFO - Epoch: 1/5, Iter: 93/457 -- train_loss: 0.9473 
2026-10-03 04:38:21,813 - INFO - Epoch: 1/5, Iter: 94/457 -- train_loss: 0.8984 
2026-10-03 04:38:22,059 - INFO - Epoch: 1/5, Iter: 95/457 -- train_loss: 0.6270 
2026-10-03 04:38:22,318 - INFO - Epoch: 1/5, Iter: 96/457 -- train_loss: 0.8984 
2026-10-03 04:38:22,585 - INFO - Epoch: 1/5, Iter: 97/457 -- train_loss: 0.9521 
2026-10-03 04:38:23,747 - INFO - Epoch: 1/5, Iter: 98/457 -- train_loss: 0.5596 
2026-10-03 04:38:23,990 - INFO - Epoch: 1/5, Iter: 99/457 -- train_loss: 0.6543 
2026-10-03 04:38:24,238 - INFO - Epoch: 1/5, Iter: 100/457 -- train_loss: 0.7207 
2026-10-03 04:38:24,494 - INFO - Epoch: 1/5, Iter: 101/457 -- train_loss: 1.0303 
2026-10-03 04:38:26,728 - INFO - Epoch: 1/5, Iter: 102/457 -- train_loss: 0.9082 
2026-10-03 04:38:27,414 - INFO - Epoch: 1/5, Iter: 103/457 -- train_loss: 0.7461 
2026-10-03 04:38:27,663 - INFO - Epoch: 1/5, Iter: 104/457 -- train_loss: 0.6602 
2026-10-03 04:38:27,908 - INFO - Epoch: 1/5, Iter: 105/457 -- train_loss: 0.8188 
2026-10-03 04:38:30,514 - INFO - Epoch: 1/5, Iter: 106/457 -- train_loss: 0.8403 
2026-10-03 04:38:30,704 - INFO - Epoch: 1/5, Iter: 107/457 -- train_loss: 0.2019 
2026-10-03 04:38:30,900 - INFO - Epoch: 1/5, Iter: 108/457 -- train_loss: 0.1941 
2026-10-03 04:38:31,094 - INFO - Epoch: 1/5, Iter: 109/457 -- train_loss: 0.1666 
2026-10-03 04:38:32,554 - INFO - Epoch: 1/5, Iter: 110/457 -- train_loss: 0.6533 
2026-10-03 04:38:33,305 - INFO - Epoch: 1/5, Iter: 111/457 -- train_loss: 1.0254 
2026-10-03 04:38:33,549 - INFO - Epoch: 1/5, Iter: 112/457 -- train_loss: 0.7920 
2026-10-03 04:38:33,741 - INFO - Epoch: 1/5, Iter: 113/457 -- train_loss: 0.1256 
2026-10-03 04:38:35,360 - INFO - Epoch: 1/5, Iter: 114/457 -- train_loss: 0.5576 
2026-10-03 04:38:36,403 - INFO - Epoch: 1/5, Iter: 115/457 -- train_loss: 0.1097 
2026-10-03 04:38:36,651 - INFO - Epoch: 1/5, Iter: 116/457 -- train_loss: 1.1709 
2026-10-03 04:38:36,898 - INFO - Epoch: 1/5, Iter: 117/457 -- train_loss: 0.5991 
2026-10-03 04:38:38,812 - INFO - Epoch: 1/5, Iter: 118/457 -- train_loss: 0.8618 
2026-10-03 04:38:39,064 - INFO - Epoch: 1/5, Iter: 119/457 -- train_loss: 0.9746 
2026-10-03 04:38:39,309 - INFO - Epoch: 1/5, Iter: 120/457 -- train_loss: 0.7773 
2026-10-03 04:38:39,565 - INFO - Epoch: 1/5, Iter: 121/457 -- train_loss: 1.0234 
2026-10-03 04:38:40,690 - INFO - Epoch: 1/5, Iter: 122/457 -- train_loss: 0.1290 
2026-10-03 04:38:40,935 - INFO - Epoch: 1/5, Iter: 123/457 -- train_loss: 0.5879 
2026-10-03 04:38:41,205 - INFO - Epoch: 1/5, Iter: 124/457 -- train_loss: 1.1016 
2026-10-03 04:38:41,459 - INFO - Epoch: 1/5, Iter: 125/457 -- train_loss: 1.0605 
2026-10-03 04:38:42,896 - INFO - Epoch: 1/5, Iter: 126/457 -- train_loss: 0.1622 
2026-10-03 04:38:43,216 - INFO - Epoch: 1/5, Iter: 127/457 -- train_loss: 0.6060 
2026-10-03 04:38:43,465 - INFO - Epoch: 1/5, Iter: 128/457 -- train_loss: 0.8608 
2026-10-03 04:38:43,710 - INFO - Epoch: 1/5, Iter: 129/457 -- train_loss: 0.5322 
2026-10-03 04:38:45,769 - INFO - Epoch: 1/5, Iter: 130/457 -- train_loss: 0.1946 
2026-10-03 04:38:47,188 - INFO - Epoch: 1/5, Iter: 131/457 -- train_loss: 0.1559 
2026-10-03 04:38:47,445 - INFO - Epoch: 1/5, Iter: 132/457 -- train_loss: 1.0498 
2026-10-03 04:38:47,700 - INFO - Epoch: 1/5, Iter: 133/457 -- train_loss: 0.9976 
2026-10-03 04:38:47,958 - INFO - Epoch: 1/5, Iter: 134/457 -- train_loss: 0.7822 
2026-10-03 04:38:49,066 - INFO - Epoch: 1/5, Iter: 135/457 -- train_loss: 0.7148 
2026-10-03 04:38:49,259 - INFO - Epoch: 1/5, Iter: 136/457 -- train_loss: 0.1738 
2026-10-03 04:38:49,505 - INFO - Epoch: 1/5, Iter: 137/457 -- train_loss: 0.6387 
2026-10-03 04:38:49,765 - INFO - Epoch: 1/5, Iter: 138/457 -- train_loss: 0.6079 
2026-10-03 04:38:52,788 - INFO - Epoch: 1/5, Iter: 139/457 -- train_loss: 0.6211 
2026-10-03 04:38:53,050 - INFO - Epoch: 1/5, Iter: 140/457 -- train_loss: 0.9028 
2026-10-03 04:38:53,306 - INFO - Epoch: 1/5, Iter: 141/457 -- train_loss: 1.2500 
2026-10-03 04:38:53,588 - INFO - Epoch: 1/5, Iter: 142/457 -- train_loss: 0.7988 
2026-10-03 04:38:54,282 - INFO - Epoch: 1/5, Iter: 143/457 -- train_loss: 0.6084 
2026-10-03 04:38:54,470 - INFO - Epoch: 1/5, Iter: 144/457 -- train_loss: 0.1819 
2026-10-03 04:38:54,721 - INFO - Epoch: 1/5, Iter: 145/457 -- train_loss: 0.6660 
2026-10-03 04:38:56,248 - INFO - Epoch: 1/5, Iter: 146/457 -- train_loss: 0.1771 
2026-10-03 04:38:56,494 - INFO - Epoch: 1/5, Iter: 147/457 -- train_loss: 0.7432 
2026-10-03 04:38:56,751 - INFO - Epoch: 1/5, Iter: 148/457 -- train_loss: 0.8110 
2026-10-03 04:38:56,995 - INFO - Epoch: 1/5, Iter: 149/457 -- train_loss: 0.5420 
2026-10-03 04:38:58,747 - INFO - Epoch: 1/5, Iter: 150/457 -- train_loss: 0.8926 
2026-10-03 04:38:58,941 - INFO - Epoch: 1/5, Iter: 151/457 -- train_loss: 0.1823 
2026-10-03 04:39:00,105 - INFO - Epoch: 1/5, Iter: 152/457 -- train_loss: 0.8018 
2026-10-03 04:39:00,360 - INFO - Epoch: 1/5, Iter: 153/457 -- train_loss: 0.9761 
2026-10-03 04:39:02,719 - INFO - Epoch: 1/5, Iter: 154/457 -- train_loss: 0.9473 
2026-10-03 04:39:02,980 - INFO - Epoch: 1/5, Iter: 155/457 -- train_loss: 0.9492 
2026-10-03 04:39:03,183 - INFO - Epoch: 1/5, Iter: 156/457 -- train_loss: 0.1821 
2026-10-03 04:39:03,386 - INFO - Epoch: 1/5, Iter: 157/457 -- train_loss: 0.1785 
2026-10-03 04:39:05,333 - INFO - Epoch: 1/5, Iter: 158/457 -- train_loss: 0.1741 
2026-10-03 04:39:05,537 - INFO - Epoch: 1/5, Iter: 159/457 -- train_loss: 0.1681 
2026-10-03 04:39:06,728 - INFO - Epoch: 1/5, Iter: 160/457 -- train_loss: 0.6973 
2026-10-03 04:39:06,921 - INFO - Epoch: 1/5, Iter: 161/457 -- train_loss: 0.2717 
2026-10-03 04:39:07,126 - INFO - Epoch: 1/5, Iter: 162/457 -- train_loss: 0.1201 
2026-10-03 04:39:07,327 - INFO - Epoch: 1/5, Iter: 163/457 -- train_loss: 0.1039 
2026-10-03 04:39:09,482 - INFO - Epoch: 1/5, Iter: 164/457 -- train_loss: 0.0870 
2026-10-03 04:39:11,333 - INFO - Epoch: 1/5, Iter: 165/457 -- train_loss: 0.0790 
2026-10-03 04:39:11,523 - INFO - Epoch: 1/5, Iter: 166/457 -- train_loss: 0.0683 
2026-10-03 04:39:11,767 - INFO - Epoch: 1/5, Iter: 167/457 -- train_loss: 0.7124 
2026-10-03 04:39:13,248 - INFO - Epoch: 1/5, Iter: 168/457 -- train_loss: 1.0488 
2026-10-03 04:39:13,504 - INFO - Epoch: 1/5, Iter: 169/457 -- train_loss: 0.7671 
2026-10-03 04:39:13,752 - INFO - Epoch: 1/5, Iter: 170/457 -- train_loss: 0.8833 
2026-10-03 04:39:13,997 - INFO - Epoch: 1/5, Iter: 171/457 -- train_loss: 0.8447 
2026-10-03 04:39:15,375 - INFO - Epoch: 1/5, Iter: 172/457 -- train_loss: 0.8223 
2026-10-03 04:39:15,616 - INFO - Epoch: 1/5, Iter: 173/457 -- train_loss: 0.7905 
2026-10-03 04:39:15,863 - INFO - Epoch: 1/5, Iter: 174/457 -- train_loss: 0.4937 
2026-10-03 04:39:16,116 - INFO - Epoch: 1/5, Iter: 175/457 -- train_loss: 1.1875 
2026-10-03 04:39:18,341 - INFO - Epoch: 1/5, Iter: 176/457 -- train_loss: 0.0661 
2026-10-03 04:39:18,584 - INFO - Epoch: 1/5, Iter: 177/457 -- train_loss: 1.0049 
2026-10-03 04:39:18,895 - INFO - Epoch: 1/5, Iter: 178/457 -- train_loss: 0.9087 
2026-10-03 04:39:19,142 - INFO - Epoch: 1/5, Iter: 179/457 -- train_loss: 0.8647 
2026-10-03 04:39:20,173 - INFO - Epoch: 1/5, Iter: 180/457 -- train_loss: 0.7930 
2026-10-03 04:39:22,273 - INFO - Epoch: 1/5, Iter: 181/457 -- train_loss: 0.7212 
2026-10-03 04:39:22,470 - INFO - Epoch: 1/5, Iter: 182/457 -- train_loss: 0.1388 
2026-10-03 04:39:22,668 - INFO - Epoch: 1/5, Iter: 183/457 -- train_loss: 0.1378 
2026-10-03 04:39:23,867 - INFO - Epoch: 1/5, Iter: 184/457 -- train_loss: 0.4800 
2026-10-03 04:39:25,084 - INFO - Epoch: 1/5, Iter: 185/457 -- train_loss: 0.7305 
2026-10-03 04:39:25,337 - INFO - Epoch: 1/5, Iter: 186/457 -- train_loss: 0.8491 
2026-10-03 04:39:25,581 - INFO - Epoch: 1/5, Iter: 187/457 -- train_loss: 0.6582 
2026-10-03 04:39:25,855 - INFO - Epoch: 1/5, Iter: 188/457 -- train_loss: 0.9150 
2026-10-03 04:39:29,064 - INFO - Epoch: 1/5, Iter: 189/457 -- train_loss: 0.7202 
2026-10-03 04:39:29,313 - INFO - Epoch: 1/5, Iter: 190/457 -- train_loss: 0.6719 
2026-10-03 04:39:29,561 - INFO - Epoch: 1/5, Iter: 191/457 -- train_loss: 0.7485 
2026-10-03 04:39:29,809 - INFO - Epoch: 1/5, Iter: 192/457 -- train_loss: 0.5449 
2026-10-03 04:39:32,324 - INFO - Epoch: 1/5, Iter: 193/457 -- train_loss: 0.6196 
2026-10-03 04:39:32,583 - INFO - Epoch: 1/5, Iter: 194/457 -- train_loss: 0.9316 
2026-10-03 04:39:32,835 - INFO - Epoch: 1/5, Iter: 195/457 -- train_loss: 1.0508 
2026-10-03 04:39:33,046 - INFO - Epoch: 1/5, Iter: 196/457 -- train_loss: 0.2146 
2026-10-03 04:39:36,382 - INFO - Epoch: 1/5, Iter: 197/457 -- train_loss: 0.6299 
2026-10-03 04:39:36,581 - INFO - Epoch: 1/5, Iter: 198/457 -- train_loss: 0.1938 
2026-10-03 04:39:36,830 - INFO - Epoch: 1/5, Iter: 199/457 -- train_loss: 0.5137 
2026-10-03 04:39:37,091 - INFO - Epoch: 1/5, Iter: 200/457 -- train_loss: 0.6367 
2026-10-03 04:39:38,302 - INFO - Epoch: 1/5, Iter: 201/457 -- train_loss: 0.6724 
2026-10-03 04:39:38,548 - INFO - Epoch: 1/5, Iter: 202/457 -- train_loss: 0.6221 
2026-10-03 04:39:38,815 - INFO - Epoch: 1/5, Iter: 203/457 -- train_loss: 0.8794 
2026-10-03 04:39:39,062 - INFO - Epoch: 1/5, Iter: 204/457 -- train_loss: 0.4946 
2026-10-03 04:39:41,996 - INFO - Epoch: 1/5, Iter: 205/457 -- train_loss: 0.6831 
2026-10-03 04:39:42,240 - INFO - Epoch: 1/5, Iter: 206/457 -- train_loss: 0.5762 
2026-10-03 04:39:42,588 - INFO - Epoch: 1/5, Iter: 207/457 -- train_loss: 0.6689 
2026-10-03 04:39:42,783 - INFO - Epoch: 1/5, Iter: 208/457 -- train_loss: 0.1615 
2026-10-03 04:39:45,342 - INFO - Epoch: 1/5, Iter: 209/457 -- train_loss: 1.0752 
2026-10-03 04:39:45,595 - INFO - Epoch: 1/5, Iter: 210/457 -- train_loss: 0.8848 
2026-10-03 04:39:45,840 - INFO - Epoch: 1/5, Iter: 211/457 -- train_loss: 0.9575 
2026-10-03 04:39:46,091 - INFO - Epoch: 1/5, Iter: 212/457 -- train_loss: 0.7925 
2026-10-03 04:39:47,282 - INFO - Epoch: 1/5, Iter: 213/457 -- train_loss: 0.5723 
2026-10-03 04:39:47,474 - INFO - Epoch: 1/5, Iter: 214/457 -- train_loss: 0.1714 
2026-10-03 04:39:47,726 - INFO - Epoch: 1/5, Iter: 215/457 -- train_loss: 0.6470 
2026-10-03 04:39:47,976 - INFO - Epoch: 1/5, Iter: 216/457 -- train_loss: 0.7871 
2026-10-03 04:39:50,283 - INFO - Epoch: 1/5, Iter: 217/457 -- train_loss: 0.9346 
2026-10-03 04:39:50,540 - INFO - Epoch: 1/5, Iter: 218/457 -- train_loss: 0.9932 
2026-10-03 04:39:50,792 - INFO - Epoch: 1/5, Iter: 219/457 -- train_loss: 0.8442 
2026-10-03 04:39:50,988 - INFO - Epoch: 1/5, Iter: 220/457 -- train_loss: 0.1604 
2026-10-03 04:39:53,823 - INFO - Epoch: 1/5, Iter: 221/457 -- train_loss: 0.1488 
2026-10-03 04:39:54,067 - INFO - Epoch: 1/5, Iter: 222/457 -- train_loss: 0.8037 
2026-10-03 04:39:54,323 - INFO - Epoch: 1/5, Iter: 223/457 -- train_loss: 0.9375 
2026-10-03 04:39:54,517 - INFO - Epoch: 1/5, Iter: 224/457 -- train_loss: 0.1459 
2026-10-03 04:39:56,167 - INFO - Epoch: 1/5, Iter: 225/457 -- train_loss: 0.6943 
2026-10-03 04:39:56,412 - INFO - Epoch: 1/5, Iter: 226/457 -- train_loss: 0.8320 
2026-10-03 04:39:56,661 - INFO - Epoch: 1/5, Iter: 227/457 -- train_loss: 0.6274 
2026-10-03 04:39:56,916 - INFO - Epoch: 1/5, Iter: 228/457 -- train_loss: 0.6777 
2026-10-03 04:39:59,117 - INFO - Epoch: 1/5, Iter: 229/457 -- train_loss: 0.9194 
2026-10-03 04:39:59,370 - INFO - Epoch: 1/5, Iter: 230/457 -- train_loss: 0.6006 
2026-10-03 04:39:59,627 - INFO - Epoch: 1/5, Iter: 231/457 -- train_loss: 0.9639 
2026-10-03 04:39:59,819 - INFO - Epoch: 1/5, Iter: 232/457 -- train_loss: 0.1458 
2026-10-03 04:40:00,913 - INFO - Epoch: 1/5, Iter: 233/457 -- train_loss: 1.0742 
2026-10-03 04:40:01,170 - INFO - Epoch: 1/5, Iter: 234/457 -- train_loss: 0.8789 
2026-10-03 04:40:01,363 - INFO - Epoch: 1/5, Iter: 235/457 -- train_loss: 0.1715 
2026-10-03 04:40:01,609 - INFO - Epoch: 1/5, Iter: 236/457 -- train_loss: 0.4346 
2026-10-03 04:40:02,988 - INFO - Epoch: 1/5, Iter: 237/457 -- train_loss: 0.8672 
2026-10-03 04:40:03,232 - INFO - Epoch: 1/5, Iter: 238/457 -- train_loss: 0.7607 
2026-10-03 04:40:03,487 - INFO - Epoch: 1/5, Iter: 239/457 -- train_loss: 0.8750 
2026-10-03 04:40:03,744 - INFO - Epoch: 1/5, Iter: 240/457 -- train_loss: 0.6646 
2026-10-03 04:40:05,282 - INFO - Epoch: 1/5, Iter: 241/457 -- train_loss: 0.5659 
2026-10-03 04:40:05,535 - INFO - Epoch: 1/5, Iter: 242/457 -- train_loss: 0.9297 
2026-10-03 04:40:05,789 - INFO - Epoch: 1/5, Iter: 243/457 -- train_loss: 0.7285 
2026-10-03 04:40:06,051 - INFO - Epoch: 1/5, Iter: 244/457 -- train_loss: 0.7041 
2026-10-03 04:40:06,885 - INFO - Epoch: 1/5, Iter: 245/457 -- train_loss: 0.6353 
2026-10-03 04:40:08,418 - INFO - Epoch: 1/5, Iter: 246/457 -- train_loss: 0.2191 
2026-10-03 04:40:08,664 - INFO - Epoch: 1/5, Iter: 247/457 -- train_loss: 0.5928 
2026-10-03 04:40:10,014 - INFO - Epoch: 1/5, Iter: 248/457 -- train_loss: 0.6914 
2026-10-03 04:40:10,215 - INFO - Epoch: 1/5, Iter: 249/457 -- train_loss: 0.2054 
2026-10-03 04:40:11,213 - INFO - Epoch: 1/5, Iter: 250/457 -- train_loss: 0.2096 
2026-10-03 04:40:11,431 - INFO - Epoch: 1/5, Iter: 251/457 -- train_loss: 0.1654 
2026-10-03 04:40:12,731 - INFO - Epoch: 1/5, Iter: 252/457 -- train_loss: 0.9746 
2026-10-03 04:40:13,001 - INFO - Epoch: 1/5, Iter: 253/457 -- train_loss: 0.6567 
2026-10-03 04:40:13,535 - INFO - Epoch: 1/5, Iter: 254/457 -- train_loss: 0.1340 
2026-10-03 04:40:14,028 - INFO - Epoch: 1/5, Iter: 255/457 -- train_loss: 0.7466 
2026-10-03 04:40:15,189 - INFO - Epoch: 1/5, Iter: 256/457 -- train_loss: 0.9478 
2026-10-03 04:40:16,314 - INFO - Epoch: 1/5, Iter: 257/457 -- train_loss: 0.6973 
2026-10-03 04:40:16,559 - INFO - Epoch: 1/5, Iter: 258/457 -- train_loss: 0.5444 
2026-10-03 04:40:16,804 - INFO - Epoch: 1/5, Iter: 259/457 -- train_loss: 0.4697 
2026-10-03 04:40:17,067 - INFO - Epoch: 1/5, Iter: 260/457 -- train_loss: 0.6689 
2026-10-03 04:40:17,880 - INFO - Epoch: 1/5, Iter: 261/457 -- train_loss: 0.9819 
2026-10-03 04:40:18,152 - INFO - Epoch: 1/5, Iter: 262/457 -- train_loss: 0.9717 
2026-10-03 04:40:20,261 - INFO - Epoch: 1/5, Iter: 263/457 -- train_loss: 0.6616 
2026-10-03 04:40:20,509 - INFO - Epoch: 1/5, Iter: 264/457 -- train_loss: 0.5156 
2026-10-03 04:40:21,671 - INFO - Epoch: 1/5, Iter: 265/457 -- train_loss: 0.8003 
2026-10-03 04:40:21,916 - INFO - Epoch: 1/5, Iter: 266/457 -- train_loss: 0.5874 
2026-10-03 04:40:22,118 - INFO - Epoch: 1/5, Iter: 267/457 -- train_loss: 0.1667 
2026-10-03 04:40:22,373 - INFO - Epoch: 1/5, Iter: 268/457 -- train_loss: 0.7080 
2026-10-03 04:40:25,013 - INFO - Epoch: 1/5, Iter: 269/457 -- train_loss: 0.9844 
2026-10-03 04:40:25,259 - INFO - Epoch: 1/5, Iter: 270/457 -- train_loss: 0.6675 
2026-10-03 04:40:25,894 - INFO - Epoch: 1/5, Iter: 271/457 -- train_loss: 0.5830 
2026-10-03 04:40:26,140 - INFO - Epoch: 1/5, Iter: 272/457 -- train_loss: 0.6523 
2026-10-03 04:40:27,600 - INFO - Epoch: 1/5, Iter: 273/457 -- train_loss: 0.7603 
2026-10-03 04:40:27,853 - INFO - Epoch: 1/5, Iter: 274/457 -- train_loss: 0.9170 
2026-10-03 04:40:28,424 - INFO - Epoch: 1/5, Iter: 275/457 -- train_loss: 0.6333 
2026-10-03 04:40:28,669 - INFO - Epoch: 1/5, Iter: 276/457 -- train_loss: 0.8301 
2026-10-03 04:40:31,108 - INFO - Epoch: 1/5, Iter: 277/457 -- train_loss: 0.2274 
2026-10-03 04:40:31,356 - INFO - Epoch: 1/5, Iter: 278/457 -- train_loss: 0.7812 
2026-10-03 04:40:31,896 - INFO - Epoch: 1/5, Iter: 279/457 -- train_loss: 0.6899 
2026-10-03 04:40:32,139 - INFO - Epoch: 1/5, Iter: 280/457 -- train_loss: 0.7090 
2026-10-03 04:40:33,650 - INFO - Epoch: 1/5, Iter: 281/457 -- train_loss: 0.6016 
2026-10-03 04:40:33,904 - INFO - Epoch: 1/5, Iter: 282/457 -- train_loss: 0.9810 
2026-10-03 04:40:34,168 - INFO - Epoch: 1/5, Iter: 283/457 -- train_loss: 0.7002 
2026-10-03 04:40:34,426 - INFO - Epoch: 1/5, Iter: 284/457 -- train_loss: 0.8730 
2026-10-03 04:40:35,677 - INFO - Epoch: 1/5, Iter: 285/457 -- train_loss: 0.7759 
2026-10-03 04:40:35,924 - INFO - Epoch: 1/5, Iter: 286/457 -- train_loss: 0.6143 
2026-10-03 04:40:36,124 - INFO - Epoch: 1/5, Iter: 287/457 -- train_loss: 0.2036 
2026-10-03 04:40:36,379 - INFO - Epoch: 1/5, Iter: 288/457 -- train_loss: 1.0078 
2026-10-03 04:40:37,714 - INFO - Epoch: 1/5, Iter: 289/457 -- train_loss: 0.7554 
2026-10-03 04:40:38,170 - INFO - Epoch: 1/5, Iter: 290/457 -- train_loss: 0.1857 
2026-10-03 04:40:38,494 - INFO - Epoch: 1/5, Iter: 291/457 -- train_loss: 0.9414 
2026-10-03 04:40:38,696 - INFO - Epoch: 1/5, Iter: 292/457 -- train_loss: 0.1833 
2026-10-03 04:40:40,444 - INFO - Epoch: 1/5, Iter: 293/457 -- train_loss: 0.1664 
2026-10-03 04:40:40,698 - INFO - Epoch: 1/5, Iter: 294/457 -- train_loss: 0.9507 
2026-10-03 04:40:40,999 - INFO - Epoch: 1/5, Iter: 295/457 -- train_loss: 0.7295 
2026-10-03 04:40:41,265 - INFO - Epoch: 1/5, Iter: 296/457 -- train_loss: 0.8877 
2026-10-03 04:40:42,266 - INFO - Epoch: 1/5, Iter: 297/457 -- train_loss: 0.6367 
2026-10-03 04:40:42,525 - INFO - Epoch: 1/5, Iter: 298/457 -- train_loss: 0.8887 
2026-10-03 04:40:45,539 - INFO - Epoch: 1/5, Iter: 299/457 -- train_loss: 0.7168 
2026-10-03 04:40:45,730 - INFO - Epoch: 1/5, Iter: 300/457 -- train_loss: 0.1711 
2026-10-03 04:40:45,991 - INFO - Epoch: 1/5, Iter: 301/457 -- train_loss: 0.9229 
2026-10-03 04:40:46,253 - INFO - Epoch: 1/5, Iter: 302/457 -- train_loss: 0.6226 
2026-10-03 04:40:47,379 - INFO - Epoch: 1/5, Iter: 303/457 -- train_loss: 0.7124 
2026-10-03 04:40:47,725 - INFO - Epoch: 1/5, Iter: 304/457 -- train_loss: 0.7510 
2026-10-03 04:40:47,968 - INFO - Epoch: 1/5, Iter: 305/457 -- train_loss: 0.6357 
2026-10-03 04:40:48,158 - INFO - Epoch: 1/5, Iter: 306/457 -- train_loss: 0.1849 
2026-10-03 04:40:50,186 - INFO - Epoch: 1/5, Iter: 307/457 -- train_loss: 0.5620 
2026-10-03 04:40:50,432 - INFO - Epoch: 1/5, Iter: 308/457 -- train_loss: 0.4836 
2026-10-03 04:40:50,624 - INFO - Epoch: 1/5, Iter: 309/457 -- train_loss: 0.1649 
2026-10-03 04:40:50,915 - INFO - Epoch: 1/5, Iter: 310/457 -- train_loss: 0.7705 
2026-10-03 04:40:52,060 - INFO - Epoch: 1/5, Iter: 311/457 -- train_loss: 0.9028 
2026-10-03 04:40:52,259 - INFO - Epoch: 1/5, Iter: 312/457 -- train_loss: 0.1615 
2026-10-03 04:40:52,505 - INFO - Epoch: 1/5, Iter: 313/457 -- train_loss: 0.6113 
2026-10-03 04:40:53,218 - INFO - Epoch: 1/5, Iter: 314/457 -- train_loss: 0.4458 
2026-10-03 04:40:53,887 - INFO - Epoch: 1/5, Iter: 315/457 -- train_loss: 1.2881 
2026-10-03 04:40:54,141 - INFO - Epoch: 1/5, Iter: 316/457 -- train_loss: 1.0605 
2026-10-03 04:40:54,388 - INFO - Epoch: 1/5, Iter: 317/457 -- train_loss: 0.5439 
2026-10-03 04:40:54,963 - INFO - Epoch: 1/5, Iter: 318/457 -- train_loss: 0.8184 
2026-10-03 04:40:55,622 - INFO - Epoch: 1/5, Iter: 319/457 -- train_loss: 0.9170 
2026-10-03 04:40:55,815 - INFO - Epoch: 1/5, Iter: 320/457 -- train_loss: 0.1675 
2026-10-03 04:40:56,390 - INFO - Epoch: 1/5, Iter: 321/457 -- train_loss: 0.7183 
2026-10-03 04:40:57,157 - INFO - Epoch: 1/5, Iter: 322/457 -- train_loss: 0.6436 
2026-10-03 04:40:57,508 - INFO - Epoch: 1/5, Iter: 323/457 -- train_loss: 0.1646 
2026-10-03 04:40:57,725 - INFO - Epoch: 1/5, Iter: 324/457 -- train_loss: 0.1511 
2026-10-03 04:41:00,055 - INFO - Epoch: 1/5, Iter: 325/457 -- train_loss: 1.0566 
2026-10-03 04:41:00,312 - INFO - Epoch: 1/5, Iter: 326/457 -- train_loss: 0.6172 
2026-10-03 04:41:00,569 - INFO - Epoch: 1/5, Iter: 327/457 -- train_loss: 0.6675 
2026-10-03 04:41:00,827 - INFO - Epoch: 1/5, Iter: 328/457 -- train_loss: 0.6865 
2026-10-03 04:41:04,141 - INFO - Epoch: 1/5, Iter: 329/457 -- train_loss: 0.6426 
2026-10-03 04:41:04,393 - INFO - Epoch: 1/5, Iter: 330/457 -- train_loss: 0.9741 
2026-10-03 04:41:04,637 - INFO - Epoch: 1/5, Iter: 331/457 -- train_loss: 0.6313 
2026-10-03 04:41:04,828 - INFO - Epoch: 1/5, Iter: 332/457 -- train_loss: 0.1670 
2026-10-03 04:41:07,587 - INFO - Epoch: 1/5, Iter: 333/457 -- train_loss: 0.1599 
2026-10-03 04:41:07,842 - INFO - Epoch: 1/5, Iter: 334/457 -- train_loss: 0.5020 
2026-10-03 04:41:08,035 - INFO - Epoch: 1/5, Iter: 335/457 -- train_loss: 0.1542 
2026-10-03 04:41:08,288 - INFO - Epoch: 1/5, Iter: 336/457 -- train_loss: 0.9932 
2026-10-03 04:41:09,397 - INFO - Epoch: 1/5, Iter: 337/457 -- train_loss: 0.5483 
2026-10-03 04:41:09,650 - INFO - Epoch: 1/5, Iter: 338/457 -- train_loss: 0.6450 
2026-10-03 04:41:09,907 - INFO - Epoch: 1/5, Iter: 339/457 -- train_loss: 0.8325 
2026-10-03 04:41:10,177 - INFO - Epoch: 1/5, Iter: 340/457 -- train_loss: 0.6201 
2026-10-03 04:41:12,499 - INFO - Epoch: 1/5, Iter: 341/457 -- train_loss: 0.5889 
2026-10-03 04:41:12,745 - INFO - Epoch: 1/5, Iter: 342/457 -- train_loss: 0.5977 
2026-10-03 04:41:12,938 - INFO - Epoch: 1/5, Iter: 343/457 -- train_loss: 0.1676 
2026-10-03 04:41:13,127 - INFO - Epoch: 1/5, Iter: 344/457 -- train_loss: 0.1592 
2026-10-03 04:41:15,110 - INFO - Epoch: 1/5, Iter: 345/457 -- train_loss: 0.5894 
2026-10-03 04:41:15,352 - INFO - Epoch: 1/5, Iter: 346/457 -- train_loss: 0.5283 
2026-10-03 04:41:15,595 - INFO - Epoch: 1/5, Iter: 347/457 -- train_loss: 0.5576 
2026-10-03 04:41:15,850 - INFO - Epoch: 1/5, Iter: 348/457 -- train_loss: 1.0898 
2026-10-03 04:41:16,882 - INFO - Epoch: 1/5, Iter: 349/457 -- train_loss: 0.8320 
2026-10-03 04:41:17,129 - INFO - Epoch: 1/5, Iter: 350/457 -- train_loss: 0.8340 
2026-10-03 04:41:17,846 - INFO - Epoch: 1/5, Iter: 351/457 -- train_loss: 0.4480 
2026-10-03 04:41:18,043 - INFO - Epoch: 1/5, Iter: 352/457 -- train_loss: 0.1613 
2026-10-03 04:41:19,256 - INFO - Epoch: 1/5, Iter: 353/457 -- train_loss: 0.5850 
2026-10-03 04:41:19,449 - INFO - Epoch: 1/5, Iter: 354/457 -- train_loss: 0.1508 
2026-10-03 04:41:20,773 - INFO - Epoch: 1/5, Iter: 355/457 -- train_loss: 0.5811 
2026-10-03 04:41:21,028 - INFO - Epoch: 1/5, Iter: 356/457 -- train_loss: 0.9697 
2026-10-03 04:41:21,649 - INFO - Epoch: 1/5, Iter: 357/457 -- train_loss: 0.6152 
2026-10-03 04:41:21,902 - INFO - Epoch: 1/5, Iter: 358/457 -- train_loss: 1.0020 
2026-10-03 04:41:22,417 - INFO - Epoch: 1/5, Iter: 359/457 -- train_loss: 0.9370 
2026-10-03 04:41:22,609 - INFO - Epoch: 1/5, Iter: 360/457 -- train_loss: 0.1791 
2026-10-03 04:41:27,551 - INFO - Epoch: 1/5, Iter: 361/457 -- train_loss: 0.6748 
2026-10-03 04:41:27,796 - INFO - Epoch: 1/5, Iter: 362/457 -- train_loss: 0.9082 
2026-10-03 04:41:28,039 - INFO - Epoch: 1/5, Iter: 363/457 -- train_loss: 0.6562 
2026-10-03 04:41:28,282 - INFO - Epoch: 1/5, Iter: 364/457 -- train_loss: 0.5762 
2026-10-03 04:41:31,309 - INFO - Epoch: 1/5, Iter: 365/457 -- train_loss: 0.5884 
2026-10-03 04:41:31,560 - INFO - Epoch: 1/5, Iter: 366/457 -- train_loss: 0.7363 
2026-10-03 04:41:31,805 - INFO - Epoch: 1/5, Iter: 367/457 -- train_loss: 1.0527 
2026-10-03 04:41:32,052 - INFO - Epoch: 1/5, Iter: 368/457 -- train_loss: 0.5845 
2026-10-03 04:41:33,669 - INFO - Epoch: 1/5, Iter: 369/457 -- train_loss: 0.8271 
2026-10-03 04:41:33,918 - INFO - Epoch: 1/5, Iter: 370/457 -- train_loss: 0.6099 
2026-10-03 04:41:34,168 - INFO - Epoch: 1/5, Iter: 371/457 -- train_loss: 0.7568 
2026-10-03 04:41:34,359 - INFO - Epoch: 1/5, Iter: 372/457 -- train_loss: 0.2085 
2026-10-03 04:41:36,347 - INFO - Epoch: 1/5, Iter: 373/457 -- train_loss: 0.9229 
2026-10-03 04:41:36,599 - INFO - Epoch: 1/5, Iter: 374/457 -- train_loss: 0.6357 
2026-10-03 04:41:36,844 - INFO - Epoch: 1/5, Iter: 375/457 -- train_loss: 0.7480 
2026-10-03 04:41:37,100 - INFO - Epoch: 1/5, Iter: 376/457 -- train_loss: 0.7627 
2026-10-03 04:41:38,536 - INFO - Epoch: 1/5, Iter: 377/457 -- train_loss: 0.6348 
2026-10-03 04:41:38,781 - INFO - Epoch: 1/5, Iter: 378/457 -- train_loss: 0.6978 
2026-10-03 04:41:39,037 - INFO - Epoch: 1/5, Iter: 379/457 -- train_loss: 0.4463 
2026-10-03 04:41:39,635 - INFO - Epoch: 1/5, Iter: 380/457 -- train_loss: 0.5659 
2026-10-03 04:41:41,283 - INFO - Epoch: 1/5, Iter: 381/457 -- train_loss: 0.9141 
2026-10-03 04:41:41,539 - INFO - Epoch: 1/5, Iter: 382/457 -- train_loss: 0.9214 
2026-10-03 04:41:41,787 - INFO - Epoch: 1/5, Iter: 383/457 -- train_loss: 0.6318 
2026-10-03 04:41:42,058 - INFO - Epoch: 1/5, Iter: 384/457 -- train_loss: 0.8438 
2026-10-03 04:41:42,708 - INFO - Epoch: 1/5, Iter: 385/457 -- train_loss: 0.1986 
2026-10-03 04:41:43,002 - INFO - Epoch: 1/5, Iter: 386/457 -- train_loss: 0.7939 
2026-10-03 04:41:43,269 - INFO - Epoch: 1/5, Iter: 387/457 -- train_loss: 0.8223 
2026-10-03 04:41:43,750 - INFO - Epoch: 1/5, Iter: 388/457 -- train_loss: 0.8271 
2026-10-03 04:41:46,367 - INFO - Epoch: 1/5, Iter: 389/457 -- train_loss: 0.5649 
2026-10-03 04:41:46,622 - INFO - Epoch: 1/5, Iter: 390/457 -- train_loss: 0.7412 
2026-10-03 04:41:46,878 - INFO - Epoch: 1/5, Iter: 391/457 -- train_loss: 0.9741 
2026-10-03 04:41:47,927 - INFO - Epoch: 1/5, Iter: 392/457 -- train_loss: 0.6553 
2026-10-03 04:41:49,334 - INFO - Epoch: 1/5, Iter: 393/457 -- train_loss: 0.7954 
2026-10-03 04:41:49,526 - INFO - Epoch: 1/5, Iter: 394/457 -- train_loss: 0.2285 
2026-10-03 04:41:49,779 - INFO - Epoch: 1/5, Iter: 395/457 -- train_loss: 0.6699 
2026-10-03 04:41:50,047 - INFO - Epoch: 1/5, Iter: 396/457 -- train_loss: 0.6914 
2026-10-03 04:41:53,206 - INFO - Epoch: 1/5, Iter: 397/457 -- train_loss: 0.6797 
2026-10-03 04:41:53,467 - INFO - Epoch: 1/5, Iter: 398/457 -- train_loss: 0.9102 
2026-10-03 04:41:53,720 - INFO - Epoch: 1/5, Iter: 399/457 -- train_loss: 1.0098 
2026-10-03 04:41:53,980 - INFO - Epoch: 1/5, Iter: 400/457 -- train_loss: 0.8340 
2026-10-03 04:41:55,482 - INFO - Epoch: 1/5, Iter: 401/457 -- train_loss: 0.6221 
2026-10-03 04:41:55,733 - INFO - Epoch: 1/5, Iter: 402/457 -- train_loss: 0.6177 
2026-10-03 04:41:56,003 - INFO - Epoch: 1/5, Iter: 403/457 -- train_loss: 0.8447 
2026-10-03 04:41:56,747 - INFO - Epoch: 1/5, Iter: 404/457 -- train_loss: 0.9844 
2026-10-03 04:41:58,060 - INFO - Epoch: 1/5, Iter: 405/457 -- train_loss: 0.8271 
2026-10-03 04:41:58,327 - INFO - Epoch: 1/5, Iter: 406/457 -- train_loss: 0.7676 
2026-10-03 04:41:59,014 - INFO - Epoch: 1/5, Iter: 407/457 -- train_loss: 0.2922 
2026-10-03 04:41:59,271 - INFO - Epoch: 1/5, Iter: 408/457 -- train_loss: 0.9028 
2026-10-03 04:42:00,835 - INFO - Epoch: 1/5, Iter: 409/457 -- train_loss: 0.8042 
2026-10-03 04:42:01,036 - INFO - Epoch: 1/5, Iter: 410/457 -- train_loss: 0.2786 
2026-10-03 04:42:01,681 - INFO - Epoch: 1/5, Iter: 411/457 -- train_loss: 0.2434 
2026-10-03 04:42:01,933 - INFO - Epoch: 1/5, Iter: 412/457 -- train_loss: 0.7188 
2026-10-03 04:42:03,606 - INFO - Epoch: 1/5, Iter: 413/457 -- train_loss: 0.7383 
2026-10-03 04:42:03,852 - INFO - Epoch: 1/5, Iter: 414/457 -- train_loss: 0.7441 
2026-10-03 04:42:04,109 - INFO - Epoch: 1/5, Iter: 415/457 -- train_loss: 0.5322 
2026-10-03 04:42:04,379 - INFO - Epoch: 1/5, Iter: 416/457 -- train_loss: 0.8066 
2026-10-03 04:42:05,912 - INFO - Epoch: 1/5, Iter: 417/457 -- train_loss: 0.8281 
2026-10-03 04:42:06,168 - INFO - Epoch: 1/5, Iter: 418/457 -- train_loss: 0.4873 
2026-10-03 04:42:06,424 - INFO - Epoch: 1/5, Iter: 419/457 -- train_loss: 0.4800 
2026-10-03 04:42:07,710 - INFO - Epoch: 1/5, Iter: 420/457 -- train_loss: 0.7769 
2026-10-03 04:42:08,907 - INFO - Epoch: 1/5, Iter: 421/457 -- train_loss: 0.5586 
2026-10-03 04:42:09,708 - INFO - Epoch: 1/5, Iter: 422/457 -- train_loss: 0.6499 
2026-10-03 04:42:09,956 - INFO - Epoch: 1/5, Iter: 423/457 -- train_loss: 0.6699 
2026-10-03 04:42:10,160 - INFO - Epoch: 1/5, Iter: 424/457 -- train_loss: 0.1863 
2026-10-03 04:42:11,042 - INFO - Epoch: 1/5, Iter: 425/457 -- train_loss: 0.1683 
2026-10-03 04:42:12,411 - INFO - Epoch: 1/5, Iter: 426/457 -- train_loss: 0.7134 
2026-10-03 04:42:12,655 - INFO - Epoch: 1/5, Iter: 427/457 -- train_loss: 0.7563 
2026-10-03 04:42:12,901 - INFO - Epoch: 1/5, Iter: 428/457 -- train_loss: 0.5264 
2026-10-03 04:42:13,442 - INFO - Epoch: 1/5, Iter: 429/457 -- train_loss: 0.4216 
2026-10-03 04:42:15,460 - INFO - Epoch: 1/5, Iter: 430/457 -- train_loss: 0.7930 
2026-10-03 04:42:15,709 - INFO - Epoch: 1/5, Iter: 431/457 -- train_loss: 0.5034 
2026-10-03 04:42:15,962 - INFO - Epoch: 1/5, Iter: 432/457 -- train_loss: 0.9453 
2026-10-03 04:42:16,220 - INFO - Epoch: 1/5, Iter: 433/457 -- train_loss: 0.8091 
2026-10-03 04:42:18,685 - INFO - Epoch: 1/5, Iter: 434/457 -- train_loss: 0.6133 
2026-10-03 04:42:18,878 - INFO - Epoch: 1/5, Iter: 435/457 -- train_loss: 0.1707 
2026-10-03 04:42:19,135 - INFO - Epoch: 1/5, Iter: 436/457 -- train_loss: 0.7983 
2026-10-03 04:42:19,382 - INFO - Epoch: 1/5, Iter: 437/457 -- train_loss: 0.5576 
2026-10-03 04:42:20,287 - INFO - Epoch: 1/5, Iter: 438/457 -- train_loss: 0.7427 
2026-10-03 04:42:20,541 - INFO - Epoch: 1/5, Iter: 439/457 -- train_loss: 0.6411 
2026-10-03 04:42:20,788 - INFO - Epoch: 1/5, Iter: 440/457 -- train_loss: 0.7061 
2026-10-03 04:42:22,377 - INFO - Epoch: 1/5, Iter: 441/457 -- train_loss: 0.5977 
2026-10-03 04:42:22,627 - INFO - Epoch: 1/5, Iter: 442/457 -- train_loss: 0.8555 
2026-10-03 04:42:22,825 - INFO - Epoch: 1/5, Iter: 443/457 -- train_loss: 0.1851 
2026-10-03 04:42:23,079 - INFO - Epoch: 1/5, Iter: 444/457 -- train_loss: 0.7769 
2026-10-03 04:42:24,952 - INFO - Epoch: 1/5, Iter: 445/457 -- train_loss: 0.5713 
2026-10-03 04:42:25,214 - INFO - Epoch: 1/5, Iter: 446/457 -- train_loss: 0.7456 
2026-10-03 04:42:25,470 - INFO - Epoch: 1/5, Iter: 447/457 -- train_loss: 0.7588 
2026-10-03 04:42:25,734 - INFO - Epoch: 1/5, Iter: 448/457 -- train_loss: 0.5781 
2026-10-03 04:42:26,911 - INFO - Epoch: 1/5, Iter: 449/457 -- train_loss: 0.5889 
2026-10-03 04:42:27,837 - INFO - Epoch: 1/5, Iter: 450/457 -- train_loss: 0.7871 
2026-10-03 04:42:28,106 - INFO - Epoch: 1/5, Iter: 451/457 -- train_loss: 0.7466 
2026-10-03 04:42:28,788 - INFO - Epoch: 1/5, Iter: 452/457 -- train_loss: 0.2179 
2026-10-03 04:42:29,173 - INFO - Epoch: 1/5, Iter: 453/457 -- train_loss: 0.5229 
2026-10-03 04:42:30,119 - INFO - Epoch: 1/5, Iter: 454/457 -- train_loss: 0.5557 
2026-10-03 04:42:30,373 - INFO - Epoch: 1/5, Iter: 455/457 -- train_loss: 0.8481 
2026-10-03 04:42:30,640 - INFO - Epoch: 1/5, Iter: 456/457 -- train_loss: 0.8530 
2026-10-03 04:42:31,296 - INFO - Epoch: 1/5, Iter: 457/457 -- train_loss: 0.1958 
2026-10-03 04:42:31,298 - ignite.engine.engine.DetectionTrainer - INFO - Current learning rate: 0.0002
2026-10-03 04:42:31,299 - ignite.engine.engine.DetectionEvaluator - INFO - Engine run resuming from iteration 0, epoch 0 until 1 epochs
/usr/local/lib/python3.10/site-packages/monai/engines/evaluator.py:331: FutureWarning: `torch.cuda.amp.autocast(args...)` is deprecated. Please use `torch.amp.autocast('cuda', args...)` instead.
  with torch.cuda.amp.autocast(**engine.amp_kwargs):
2026-10-03 04:44:22,917 - root - INFO - Start COCO metric computation...
2026-10-03 04:44:22,922 - root - INFO - Statistics for COCO metrics finished (t=0.00s).
2026-10-03 04:44:22,923 - root - INFO - COCO metrics computed in t=0.00s.
2026-10-03 04:44:22,923 - ignite.engine.engine.DetectionEvaluator - INFO - Got new best metric of val_coco: 0.016506355852582793
2026-10-03 04:44:22,924 - INFO - Epoch[1] Metrics -- val_coco: 0.0165 
2026-10-03 04:44:22,924 - INFO - Key metric: val_coco best value: 0.016506355852582793 at epoch: 1
2026-10-03 04:44:23,131 - ignite.engine.engine.DetectionEvaluator - INFO - Epoch[1] Complete. Time taken: 00:01:51.607
2026-10-03 04:44:23,131 - ignite.engine.engine.DetectionEvaluator - INFO - Engine run complete. Time taken: 00:01:51.832
2026-10-03 04:44:23,148 - ignite.engine.engine.DetectionTrainer - INFO - Epoch[1] Complete. Time taken: 00:07:20.090
2026-10-03 04:44:25,825 - INFO - Epoch: 2/5, Iter: 1/457 -- train_loss: 0.8477 
2026-10-03 04:44:26,753 - INFO - Epoch: 2/5, Iter: 2/457 -- train_loss: 0.5483 
2026-10-03 04:44:26,960 - INFO - Epoch: 2/5, Iter: 3/457 -- train_loss: 0.1724 
2026-10-03 04:44:27,224 - INFO - Epoch: 2/5, Iter: 4/457 -- train_loss: 0.8506 
2026-10-03 04:44:27,424 - INFO - Epoch: 2/5, Iter: 5/457 -- train_loss: 0.1595 
2026-10-03 04:44:29,292 - INFO - Epoch: 2/5, Iter: 6/457 -- train_loss: 0.8740 
2026-10-03 04:44:29,561 - INFO - Epoch: 2/5, Iter: 7/457 -- train_loss: 0.7969 
2026-10-03 04:44:30,067 - INFO - Epoch: 2/5, Iter: 8/457 -- train_loss: 0.1470 
2026-10-03 04:44:30,594 - INFO - Epoch: 2/5, Iter: 9/457 -- train_loss: 0.7861 
2026-10-03 04:44:31,496 - INFO - Epoch: 2/5, Iter: 10/457 -- train_loss: 0.4934 
2026-10-03 04:44:31,832 - INFO - Epoch: 2/5, Iter: 11/457 -- train_loss: 0.6787 
2026-10-03 04:44:33,300 - INFO - Epoch: 2/5, Iter: 12/457 -- train_loss: 1.1553 
2026-10-03 04:44:33,559 - INFO - Epoch: 2/5, Iter: 13/457 -- train_loss: 0.8149 
2026-10-03 04:44:35,060 - INFO - Epoch: 2/5, Iter: 14/457 -- train_loss: 0.7236 
2026-10-03 04:44:35,251 - INFO - Epoch: 2/5, Iter: 15/457 -- train_loss: 0.1844 
2026-10-03 04:44:35,905 - INFO - Epoch: 2/5, Iter: 16/457 -- train_loss: 0.1902 
2026-10-03 04:44:36,157 - INFO - Epoch: 2/5, Iter: 17/457 -- train_loss: 0.8779 
2026-10-03 04:44:36,522 - INFO - Epoch: 2/5, Iter: 18/457 -- train_loss: 0.7153 
2026-10-03 04:44:36,717 - INFO - Epoch: 2/5, Iter: 19/457 -- train_loss: 0.1511 
2026-10-03 04:44:37,719 - INFO - Epoch: 2/5, Iter: 20/457 -- train_loss: 0.1442 
2026-10-03 04:44:38,129 - INFO - Epoch: 2/5, Iter: 21/457 -- train_loss: 0.1316 
2026-10-03 04:44:38,386 - INFO - Epoch: 2/5, Iter: 22/457 -- train_loss: 0.1132 
2026-10-03 04:44:38,579 - INFO - Epoch: 2/5, Iter: 23/457 -- train_loss: 0.0994 
2026-10-03 04:44:40,432 - INFO - Epoch: 2/5, Iter: 24/457 -- train_loss: 0.7988 
2026-10-03 04:44:41,519 - INFO - Epoch: 2/5, Iter: 25/457 -- train_loss: 0.8047 
2026-10-03 04:44:41,761 - INFO - Epoch: 2/5, Iter: 26/457 -- train_loss: 0.7480 
2026-10-03 04:44:42,009 - INFO - Epoch: 2/5, Iter: 27/457 -- train_loss: 0.6445 
2026-10-03 04:44:44,342 - INFO - Epoch: 2/5, Iter: 28/457 -- train_loss: 0.0907 
2026-10-03 04:44:44,602 - INFO - Epoch: 2/5, Iter: 29/457 -- train_loss: 0.9404 
2026-10-03 04:44:44,845 - INFO - Epoch: 2/5, Iter: 30/457 -- train_loss: 0.8213 
2026-10-03 04:44:45,090 - INFO - Epoch: 2/5, Iter: 31/457 -- train_loss: 0.7817 
2026-10-03 04:44:45,760 - INFO - Epoch: 2/5, Iter: 32/457 -- train_loss: 0.1447 
2026-10-03 04:44:46,748 - INFO - Epoch: 2/5, Iter: 33/457 -- train_loss: 0.1296 
2026-10-03 04:44:47,965 - INFO - Epoch: 2/5, Iter: 34/457 -- train_loss: 0.8125 
2026-10-03 04:44:48,162 - INFO - Epoch: 2/5, Iter: 35/457 -- train_loss: 0.1357 
2026-10-03 04:44:48,440 - INFO - Epoch: 2/5, Iter: 36/457 -- train_loss: 0.8579 
2026-10-03 04:44:48,709 - INFO - Epoch: 2/5, Iter: 37/457 -- train_loss: 0.6328 
2026-10-03 04:44:50,574 - INFO - Epoch: 2/5, Iter: 38/457 -- train_loss: 0.8232 
2026-10-03 04:44:50,824 - INFO - Epoch: 2/5, Iter: 39/457 -- train_loss: 0.5767 
2026-10-03 04:44:51,078 - INFO - Epoch: 2/5, Iter: 40/457 -- train_loss: 0.9146 
2026-10-03 04:44:51,335 - INFO - Epoch: 2/5, Iter: 41/457 -- train_loss: 0.7031 
2026-10-03 04:44:51,965 - INFO - Epoch: 2/5, Iter: 42/457 -- train_loss: 0.8027 
2026-10-03 04:44:52,224 - INFO - Epoch: 2/5, Iter: 43/457 -- train_loss: 0.8120 
2026-10-03 04:44:53,269 - INFO - Epoch: 2/5, Iter: 44/457 -- train_loss: 0.7988 
2026-10-03 04:44:53,519 - INFO - Epoch: 2/5, Iter: 45/457 -- train_loss: 0.5679 
2026-10-03 04:44:54,474 - INFO - Epoch: 2/5, Iter: 46/457 -- train_loss: 0.7671 
2026-10-03 04:44:54,721 - INFO - Epoch: 2/5, Iter: 47/457 -- train_loss: 0.5322 
2026-10-03 04:44:55,312 - INFO - Epoch: 2/5, Iter: 48/457 -- train_loss: 0.6621 
2026-10-03 04:44:55,560 - INFO - Epoch: 2/5, Iter: 49/457 -- train_loss: 0.7012 
2026-10-03 04:44:57,170 - INFO - Epoch: 2/5, Iter: 50/457 -- train_loss: 0.4448 
2026-10-03 04:44:57,436 - INFO - Epoch: 2/5, Iter: 51/457 -- train_loss: 0.6836 
2026-10-03 04:44:58,437 - INFO - Epoch: 2/5, Iter: 52/457 -- train_loss: 0.6113 
2026-10-03 04:44:58,691 - INFO - Epoch: 2/5, Iter: 53/457 -- train_loss: 0.7568 
2026-10-03 04:44:59,733 - INFO - Epoch: 2/5, Iter: 54/457 -- train_loss: 0.1666 
2026-10-03 04:44:59,973 - INFO - Epoch: 2/5, Iter: 55/457 -- train_loss: 0.5464 
2026-10-03 04:45:00,239 - INFO - Epoch: 2/5, Iter: 56/457 -- train_loss: 0.7705 
2026-10-03 04:45:00,483 - INFO - Epoch: 2/5, Iter: 57/457 -- train_loss: 0.5884 
2026-10-03 04:45:02,079 - INFO - Epoch: 2/5, Iter: 58/457 -- train_loss: 0.8052 
2026-10-03 04:45:02,508 - INFO - Epoch: 2/5, Iter: 59/457 -- train_loss: 0.1248 
2026-10-03 04:45:03,659 - INFO - Epoch: 2/5, Iter: 60/457 -- train_loss: 0.7861 
2026-10-03 04:45:03,906 - INFO - Epoch: 2/5, Iter: 61/457 -- train_loss: 0.6455 
2026-10-03 04:45:05,095 - INFO - Epoch: 2/5, Iter: 62/457 -- train_loss: 0.1378 
2026-10-03 04:45:05,352 - INFO - Epoch: 2/5, Iter: 63/457 -- train_loss: 0.9658 
2026-10-03 04:45:06,146 - INFO - Epoch: 2/5, Iter: 64/457 -- train_loss: 0.7539 
2026-10-03 04:45:06,393 - INFO - Epoch: 2/5, Iter: 65/457 -- train_loss: 0.5537 
2026-10-03 04:45:07,470 - INFO - Epoch: 2/5, Iter: 66/457 -- train_loss: 0.8267 
2026-10-03 04:45:07,716 - INFO - Epoch: 2/5, Iter: 67/457 -- train_loss: 0.6782 
2026-10-03 04:45:09,750 - INFO - Epoch: 2/5, Iter: 68/457 -- train_loss: 0.8149 
2026-10-03 04:45:09,946 - INFO - Epoch: 2/5, Iter: 69/457 -- train_loss: 0.2365 
2026-10-03 04:45:10,196 - INFO - Epoch: 2/5, Iter: 70/457 -- train_loss: 0.5166 
2026-10-03 04:45:10,791 - INFO - Epoch: 2/5, Iter: 71/457 -- train_loss: 0.5781 
2026-10-03 04:45:12,950 - INFO - Epoch: 2/5, Iter: 72/457 -- train_loss: 0.8716 
2026-10-03 04:45:13,209 - INFO - Epoch: 2/5, Iter: 73/457 -- train_loss: 0.8877 
2026-10-03 04:45:13,453 - INFO - Epoch: 2/5, Iter: 74/457 -- train_loss: 0.6694 
2026-10-03 04:45:13,715 - INFO - Epoch: 2/5, Iter: 75/457 -- train_loss: 0.4778 
2026-10-03 04:45:16,114 - INFO - Epoch: 2/5, Iter: 76/457 -- train_loss: 0.7847 
2026-10-03 04:45:16,361 - INFO - Epoch: 2/5, Iter: 77/457 -- train_loss: 0.6494 
2026-10-03 04:45:16,557 - INFO - Epoch: 2/5, Iter: 78/457 -- train_loss: 0.2231 
2026-10-03 04:45:16,756 - INFO - Epoch: 2/5, Iter: 79/457 -- train_loss: 0.1921 
2026-10-03 04:45:18,770 - INFO - Epoch: 2/5, Iter: 80/457 -- train_loss: 0.9116 
2026-10-03 04:45:19,016 - INFO - Epoch: 2/5, Iter: 81/457 -- train_loss: 0.3506 
2026-10-03 04:45:19,267 - INFO - Epoch: 2/5, Iter: 82/457 -- train_loss: 0.9116 
2026-10-03 04:45:19,457 - INFO - Epoch: 2/5, Iter: 83/457 -- train_loss: 0.1427 
2026-10-03 04:45:20,875 - INFO - Epoch: 2/5, Iter: 84/457 -- train_loss: 0.9585 
2026-10-03 04:45:21,069 - INFO - Epoch: 2/5, Iter: 85/457 -- train_loss: 0.1322 
2026-10-03 04:45:21,329 - INFO - Epoch: 2/5, Iter: 86/457 -- train_loss: 0.8813 
2026-10-03 04:45:21,602 - INFO - Epoch: 2/5, Iter: 87/457 -- train_loss: 0.8877 
2026-10-03 04:45:23,491 - INFO - Epoch: 2/5, Iter: 88/457 -- train_loss: 0.7378 
2026-10-03 04:45:23,735 - INFO - Epoch: 2/5, Iter: 89/457 -- train_loss: 0.5996 
2026-10-03 04:45:23,981 - INFO - Epoch: 2/5, Iter: 90/457 -- train_loss: 0.5757 
2026-10-03 04:45:24,190 - INFO - Epoch: 2/5, Iter: 91/457 -- train_loss: 0.2085 
2026-10-03 04:45:25,478 - INFO - Epoch: 2/5, Iter: 92/457 -- train_loss: 0.2061 
2026-10-03 04:45:25,742 - INFO - Epoch: 2/5, Iter: 93/457 -- train_loss: 0.9497 
2026-10-03 04:45:25,932 - INFO - Epoch: 2/5, Iter: 94/457 -- train_loss: 0.1954 
2026-10-03 04:45:26,192 - INFO - Epoch: 2/5, Iter: 95/457 -- train_loss: 0.6235 
2026-10-03 04:45:27,031 - INFO - Epoch: 2/5, Iter: 96/457 -- train_loss: 0.7832 
2026-10-03 04:45:27,288 - INFO - Epoch: 2/5, Iter: 97/457 -- train_loss: 0.9800 
2026-10-03 04:45:27,480 - INFO - Epoch: 2/5, Iter: 98/457 -- train_loss: 0.1869 
2026-10-03 04:45:30,032 - INFO - Epoch: 2/5, Iter: 99/457 -- train_loss: 0.1653 
2026-10-03 04:45:30,294 - INFO - Epoch: 2/5, Iter: 100/457 -- train_loss: 0.8252 
2026-10-03 04:45:30,548 - INFO - Epoch: 2/5, Iter: 101/457 -- train_loss: 0.8628 
2026-10-03 04:45:30,795 - INFO - Epoch: 2/5, Iter: 102/457 -- train_loss: 0.7241 
2026-10-03 04:45:32,897 - INFO - Epoch: 2/5, Iter: 103/457 -- train_loss: 0.8423 
2026-10-03 04:45:33,156 - INFO - Epoch: 2/5, Iter: 104/457 -- train_loss: 0.6948 
2026-10-03 04:45:33,404 - INFO - Epoch: 2/5, Iter: 105/457 -- train_loss: 0.6914 
2026-10-03 04:45:33,648 - INFO - Epoch: 2/5, Iter: 106/457 -- train_loss: 0.7100 
2026-10-03 04:45:35,561 - INFO - Epoch: 2/5, Iter: 107/457 -- train_loss: 1.0508 
2026-10-03 04:45:35,805 - INFO - Epoch: 2/5, Iter: 108/457 -- train_loss: 0.7749 
2026-10-03 04:45:36,062 - INFO - Epoch: 2/5, Iter: 109/457 -- train_loss: 0.8184 
2026-10-03 04:45:36,310 - INFO - Epoch: 2/5, Iter: 110/457 -- train_loss: 0.5737 
2026-10-03 04:45:38,835 - INFO - Epoch: 2/5, Iter: 111/457 -- train_loss: 0.7607 
2026-10-03 04:45:39,085 - INFO - Epoch: 2/5, Iter: 112/457 -- train_loss: 1.3232 
2026-10-03 04:45:39,346 - INFO - Epoch: 2/5, Iter: 113/457 -- train_loss: 0.8301 
2026-10-03 04:45:39,600 - INFO - Epoch: 2/5, Iter: 114/457 -- train_loss: 0.8618 
2026-10-03 04:45:40,848 - INFO - Epoch: 2/5, Iter: 115/457 -- train_loss: 0.5986 
2026-10-03 04:45:41,134 - INFO - Epoch: 2/5, Iter: 116/457 -- train_loss: 0.7842 
2026-10-03 04:45:41,381 - INFO - Epoch: 2/5, Iter: 117/457 -- train_loss: 0.5322 
2026-10-03 04:45:41,625 - INFO - Epoch: 2/5, Iter: 118/457 -- train_loss: 0.6143 
2026-10-03 04:45:42,767 - INFO - Epoch: 2/5, Iter: 119/457 -- train_loss: 0.6885 
2026-10-03 04:45:43,333 - INFO - Epoch: 2/5, Iter: 120/457 -- train_loss: 0.2439 
2026-10-03 04:45:43,583 - INFO - Epoch: 2/5, Iter: 121/457 -- train_loss: 0.7124 
2026-10-03 04:45:43,838 - INFO - Epoch: 2/5, Iter: 122/457 -- train_loss: 0.5303 
2026-10-03 04:45:45,295 - INFO - Epoch: 2/5, Iter: 123/457 -- train_loss: 0.7559 
2026-10-03 04:45:45,760 - INFO - Epoch: 2/5, Iter: 124/457 -- train_loss: 0.1443 
2026-10-03 04:45:45,950 - INFO - Epoch: 2/5, Iter: 125/457 -- train_loss: 0.1357 
2026-10-03 04:45:46,195 - INFO - Epoch: 2/5, Iter: 126/457 -- train_loss: 0.6733 
2026-10-03 04:45:49,707 - INFO - Epoch: 2/5, Iter: 127/457 -- train_loss: 0.7817 
2026-10-03 04:45:49,962 - INFO - Epoch: 2/5, Iter: 128/457 -- train_loss: 0.3462 
2026-10-03 04:45:50,221 - INFO - Epoch: 2/5, Iter: 129/457 -- train_loss: 0.7383 
2026-10-03 04:45:50,475 - INFO - Epoch: 2/5, Iter: 130/457 -- train_loss: 0.7617 
2026-10-03 04:45:52,670 - INFO - Epoch: 2/5, Iter: 131/457 -- train_loss: 1.0771 
2026-10-03 04:45:52,916 - INFO - Epoch: 2/5, Iter: 132/457 -- train_loss: 0.7695 
2026-10-03 04:45:53,169 - INFO - Epoch: 2/5, Iter: 133/457 -- train_loss: 0.8730 
2026-10-03 04:45:53,427 - INFO - Epoch: 2/5, Iter: 134/457 -- train_loss: 0.8486 
2026-10-03 04:45:54,682 - INFO - Epoch: 2/5, Iter: 135/457 -- train_loss: 0.5679 
2026-10-03 04:45:54,928 - INFO - Epoch: 2/5, Iter: 136/457 -- train_loss: 0.6396 
2026-10-03 04:45:55,120 - INFO - Epoch: 2/5, Iter: 137/457 -- train_loss: 0.2639 
2026-10-03 04:45:55,372 - INFO - Epoch: 2/5, Iter: 138/457 -- train_loss: 0.7812 
2026-10-03 04:45:56,484 - INFO - Epoch: 2/5, Iter: 139/457 -- train_loss: 0.2386 
2026-10-03 04:45:56,678 - INFO - Epoch: 2/5, Iter: 140/457 -- train_loss: 0.2043 
2026-10-03 04:45:57,458 - INFO - Epoch: 2/5, Iter: 141/457 -- train_loss: 0.1600 
2026-10-03 04:45:57,717 - INFO - Epoch: 2/5, Iter: 142/457 -- train_loss: 0.9429 
2026-10-03 04:45:58,156 - INFO - Epoch: 2/5, Iter: 143/457 -- train_loss: 0.1214 
2026-10-03 04:45:58,473 - INFO - Epoch: 2/5, Iter: 144/457 -- train_loss: 1.0605 
2026-10-03 04:45:59,790 - INFO - Epoch: 2/5, Iter: 145/457 -- train_loss: 0.8003 
2026-10-03 04:46:00,047 - INFO - Epoch: 2/5, Iter: 146/457 -- train_loss: 0.8096 
2026-10-03 04:46:00,958 - INFO - Epoch: 2/5, Iter: 147/457 -- train_loss: 0.8096 
2026-10-03 04:46:01,229 - INFO - Epoch: 2/5, Iter: 148/457 -- train_loss: 0.9282 
2026-10-03 04:46:02,855 - INFO - Epoch: 2/5, Iter: 149/457 -- train_loss: 1.0312 
2026-10-03 04:46:03,116 - INFO - Epoch: 2/5, Iter: 150/457 -- train_loss: 0.9102 
2026-10-03 04:46:03,374 - INFO - Epoch: 2/5, Iter: 151/457 -- train_loss: 0.8276 
2026-10-03 04:46:03,634 - INFO - Epoch: 2/5, Iter: 152/457 -- train_loss: 0.5459 
2026-10-03 04:46:04,980 - INFO - Epoch: 2/5, Iter: 153/457 -- train_loss: 0.8237 
2026-10-03 04:46:05,234 - INFO - Epoch: 2/5, Iter: 154/457 -- train_loss: 0.7544 
2026-10-03 04:46:06,701 - INFO - Epoch: 2/5, Iter: 155/457 -- train_loss: 0.2241 
2026-10-03 04:46:07,264 - INFO - Epoch: 2/5, Iter: 156/457 -- train_loss: 0.2352 
2026-10-03 04:46:07,884 - INFO - Epoch: 2/5, Iter: 157/457 -- train_loss: 0.6885 
2026-10-03 04:46:08,130 - INFO - Epoch: 2/5, Iter: 158/457 -- train_loss: 0.4673 
2026-10-03 04:46:08,385 - INFO - Epoch: 2/5, Iter: 159/457 -- train_loss: 0.5366 
2026-10-03 04:46:10,386 - INFO - Epoch: 2/5, Iter: 160/457 -- train_loss: 0.6641 
2026-10-03 04:46:10,654 - INFO - Epoch: 2/5, Iter: 161/457 -- train_loss: 1.3057 
2026-10-03 04:46:10,910 - INFO - Epoch: 2/5, Iter: 162/457 -- train_loss: 0.6782 
2026-10-03 04:46:11,155 - INFO - Epoch: 2/5, Iter: 163/457 -- train_loss: 0.6621 
2026-10-03 04:46:12,114 - INFO - Epoch: 2/5, Iter: 164/457 -- train_loss: 0.7285 
2026-10-03 04:46:12,542 - INFO - Epoch: 2/5, Iter: 165/457 -- train_loss: 0.8350 
2026-10-03 04:46:12,788 - INFO - Epoch: 2/5, Iter: 166/457 -- train_loss: 0.6025 
2026-10-03 04:46:13,040 - INFO - Epoch: 2/5, Iter: 167/457 -- train_loss: 0.6587 
2026-10-03 04:46:14,125 - INFO - Epoch: 2/5, Iter: 168/457 -- train_loss: 0.6919 
2026-10-03 04:46:14,383 - INFO - Epoch: 2/5, Iter: 169/457 -- train_loss: 0.8730 
2026-10-03 04:46:14,651 - INFO - Epoch: 2/5, Iter: 170/457 -- train_loss: 0.8540 
2026-10-03 04:46:15,030 - INFO - Epoch: 2/5, Iter: 171/457 -- train_loss: 0.6929 
2026-10-03 04:46:16,222 - INFO - Epoch: 2/5, Iter: 172/457 -- train_loss: 0.8716 
2026-10-03 04:46:18,293 - INFO - Epoch: 2/5, Iter: 173/457 -- train_loss: 0.6650 
2026-10-03 04:46:18,484 - INFO - Epoch: 2/5, Iter: 174/457 -- train_loss: 0.2693 
2026-10-03 04:46:18,679 - INFO - Epoch: 2/5, Iter: 175/457 -- train_loss: 0.2529 
2026-10-03 04:46:18,942 - INFO - Epoch: 2/5, Iter: 176/457 -- train_loss: 0.8525 
2026-10-03 04:46:20,383 - INFO - Epoch: 2/5, Iter: 177/457 -- train_loss: 0.2056 
2026-10-03 04:46:20,578 - INFO - Epoch: 2/5, Iter: 178/457 -- train_loss: 0.1810 
2026-10-03 04:46:20,834 - INFO - Epoch: 2/5, Iter: 179/457 -- train_loss: 0.6743 
2026-10-03 04:46:21,078 - INFO - Epoch: 2/5, Iter: 180/457 -- train_loss: 0.6592 
2026-10-03 04:46:22,104 - INFO - Epoch: 2/5, Iter: 181/457 -- train_loss: 0.6172 
2026-10-03 04:46:22,354 - INFO - Epoch: 2/5, Iter: 182/457 -- train_loss: 0.5103 
2026-10-03 04:46:22,760 - INFO - Epoch: 2/5, Iter: 183/457 -- train_loss: 0.9551 
2026-10-03 04:46:23,975 - INFO - Epoch: 2/5, Iter: 184/457 -- train_loss: 0.8975 
2026-10-03 04:46:24,233 - INFO - Epoch: 2/5, Iter: 185/457 -- train_loss: 0.9609 
2026-10-03 04:46:24,877 - INFO - Epoch: 2/5, Iter: 186/457 -- train_loss: 0.4202 
2026-10-03 04:46:25,579 - INFO - Epoch: 2/5, Iter: 187/457 -- train_loss: 0.1973 
2026-10-03 04:46:25,999 - INFO - Epoch: 2/5, Iter: 188/457 -- train_loss: 0.9155 
2026-10-03 04:46:26,250 - INFO - Epoch: 2/5, Iter: 189/457 -- train_loss: 0.6914 
2026-10-03 04:46:28,426 - INFO - Epoch: 2/5, Iter: 190/457 -- train_loss: 0.9487 
2026-10-03 04:46:28,679 - INFO - Epoch: 2/5, Iter: 191/457 -- train_loss: 0.5244 
2026-10-03 04:46:28,923 - INFO - Epoch: 2/5, Iter: 192/457 -- train_loss: 0.4490 
2026-10-03 04:46:29,185 - INFO - Epoch: 2/5, Iter: 193/457 -- train_loss: 0.8413 
2026-10-03 04:46:30,204 - INFO - Epoch: 2/5, Iter: 194/457 -- train_loss: 0.7568 
2026-10-03 04:46:30,447 - INFO - Epoch: 2/5, Iter: 195/457 -- train_loss: 0.5986 
2026-10-03 04:46:30,693 - INFO - Epoch: 2/5, Iter: 196/457 -- train_loss: 0.6484 
2026-10-03 04:46:30,947 - INFO - Epoch: 2/5, Iter: 197/457 -- train_loss: 0.7656 
2026-10-03 04:46:32,732 - INFO - Epoch: 2/5, Iter: 198/457 -- train_loss: 0.6235 
2026-10-03 04:46:32,989 - INFO - Epoch: 2/5, Iter: 199/457 -- train_loss: 0.8198 
2026-10-03 04:46:33,242 - INFO - Epoch: 2/5, Iter: 200/457 -- train_loss: 0.8066 
2026-10-03 04:46:33,500 - INFO - Epoch: 2/5, Iter: 201/457 -- train_loss: 0.8604 
2026-10-03 04:46:35,813 - INFO - Epoch: 2/5, Iter: 202/457 -- train_loss: 0.2296 
2026-10-03 04:46:36,058 - INFO - Epoch: 2/5, Iter: 203/457 -- train_loss: 0.6309 
2026-10-03 04:46:36,304 - INFO - Epoch: 2/5, Iter: 204/457 -- train_loss: 0.6328 
2026-10-03 04:46:36,571 - INFO - Epoch: 2/5, Iter: 205/457 -- train_loss: 0.8086 
2026-10-03 04:46:38,901 - INFO - Epoch: 2/5, Iter: 206/457 -- train_loss: 0.2179 
2026-10-03 04:46:39,094 - INFO - Epoch: 2/5, Iter: 207/457 -- train_loss: 0.1929 
2026-10-03 04:46:39,359 - INFO - Epoch: 2/5, Iter: 208/457 -- train_loss: 0.8691 
2026-10-03 04:46:39,610 - INFO - Epoch: 2/5, Iter: 209/457 -- train_loss: 0.4863 
2026-10-03 04:46:41,008 - INFO - Epoch: 2/5, Iter: 210/457 -- train_loss: 0.4146 
2026-10-03 04:46:41,257 - INFO - Epoch: 2/5, Iter: 211/457 -- train_loss: 0.6025 
2026-10-03 04:46:41,460 - INFO - Epoch: 2/5, Iter: 212/457 -- train_loss: 0.1437 
2026-10-03 04:46:41,706 - INFO - Epoch: 2/5, Iter: 213/457 -- train_loss: 0.4443 
2026-10-03 04:46:44,865 - INFO - Epoch: 2/5, Iter: 214/457 -- train_loss: 0.6294 
2026-10-03 04:46:45,115 - INFO - Epoch: 2/5, Iter: 215/457 -- train_loss: 0.6099 
2026-10-03 04:46:45,304 - INFO - Epoch: 2/5, Iter: 216/457 -- train_loss: 0.1276 
2026-10-03 04:46:45,498 - INFO - Epoch: 2/5, Iter: 217/457 -- train_loss: 0.1197 
2026-10-03 04:46:48,020 - INFO - Epoch: 2/5, Iter: 218/457 -- train_loss: 0.6582 
2026-10-03 04:46:48,270 - INFO - Epoch: 2/5, Iter: 219/457 -- train_loss: 0.7070 
2026-10-03 04:46:48,518 - INFO - Epoch: 2/5, Iter: 220/457 -- train_loss: 0.4412 
2026-10-03 04:46:48,770 - INFO - Epoch: 2/5, Iter: 221/457 -- train_loss: 1.0605 
2026-10-03 04:46:49,836 - INFO - Epoch: 2/5, Iter: 222/457 -- train_loss: 0.1141 
2026-10-03 04:46:50,026 - INFO - Epoch: 2/5, Iter: 223/457 -- train_loss: 0.1072 
2026-10-03 04:46:50,221 - INFO - Epoch: 2/5, Iter: 224/457 -- train_loss: 0.1001 
2026-10-03 04:46:50,466 - INFO - Epoch: 2/5, Iter: 225/457 -- train_loss: 0.4194 
2026-10-03 04:46:51,919 - INFO - Epoch: 2/5, Iter: 226/457 -- train_loss: 0.6846 
2026-10-03 04:46:52,173 - INFO - Epoch: 2/5, Iter: 227/457 -- train_loss: 1.0107 
2026-10-03 04:46:52,420 - INFO - Epoch: 2/5, Iter: 228/457 -- train_loss: 0.6396 
2026-10-03 04:46:52,630 - INFO - Epoch: 2/5, Iter: 229/457 -- train_loss: 0.1042 
2026-10-03 04:46:54,051 - INFO - Epoch: 2/5, Iter: 230/457 -- train_loss: 0.1051 
2026-10-03 04:46:54,314 - INFO - Epoch: 2/5, Iter: 231/457 -- train_loss: 0.6440 
2026-10-03 04:46:54,561 - INFO - Epoch: 2/5, Iter: 232/457 -- train_loss: 0.4485 
2026-10-03 04:46:55,239 - INFO - Epoch: 2/5, Iter: 233/457 -- train_loss: 0.0969 
2026-10-03 04:46:55,800 - INFO - Epoch: 2/5, Iter: 234/457 -- train_loss: 1.0361 
2026-10-03 04:46:56,258 - INFO - Epoch: 2/5, Iter: 235/457 -- train_loss: 0.8574 
2026-10-03 04:46:56,500 - INFO - Epoch: 2/5, Iter: 236/457 -- train_loss: 0.6191 
2026-10-03 04:46:57,884 - INFO - Epoch: 2/5, Iter: 237/457 -- train_loss: 0.7651 
2026-10-03 04:46:58,287 - INFO - Epoch: 2/5, Iter: 238/457 -- train_loss: 0.8086 
2026-10-03 04:46:58,888 - INFO - Epoch: 2/5, Iter: 239/457 -- train_loss: 0.6211 
2026-10-03 04:46:59,414 - INFO - Epoch: 2/5, Iter: 240/457 -- train_loss: 0.8745 
2026-10-03 04:47:00,195 - INFO - Epoch: 2/5, Iter: 241/457 -- train_loss: 0.1851 
2026-10-03 04:47:01,321 - INFO - Epoch: 2/5, Iter: 242/457 -- train_loss: 0.1658 
2026-10-03 04:47:01,702 - INFO - Epoch: 2/5, Iter: 243/457 -- train_loss: 0.8662 
2026-10-03 04:47:02,210 - INFO - Epoch: 2/5, Iter: 244/457 -- train_loss: 0.7168 
2026-10-03 04:47:02,468 - INFO - Epoch: 2/5, Iter: 245/457 -- train_loss: 0.8540 
2026-10-03 04:47:04,110 - INFO - Epoch: 2/5, Iter: 246/457 -- train_loss: 0.1996 
2026-10-03 04:47:04,357 - INFO - Epoch: 2/5, Iter: 247/457 -- train_loss: 0.7764 
2026-10-03 04:47:04,611 - INFO - Epoch: 2/5, Iter: 248/457 -- train_loss: 0.8584 
2026-10-03 04:47:04,812 - INFO - Epoch: 2/5, Iter: 249/457 -- train_loss: 0.1814 
2026-10-03 04:47:07,678 - INFO - Epoch: 2/5, Iter: 250/457 -- train_loss: 0.1578 
2026-10-03 04:47:07,921 - INFO - Epoch: 2/5, Iter: 251/457 -- train_loss: 0.5776 
2026-10-03 04:47:08,169 - INFO - Epoch: 2/5, Iter: 252/457 -- train_loss: 0.5542 
2026-10-03 04:47:08,414 - INFO - Epoch: 2/5, Iter: 253/457 -- train_loss: 0.5835 
2026-10-03 04:47:10,210 - INFO - Epoch: 2/5, Iter: 254/457 -- train_loss: 0.1346 
2026-10-03 04:47:10,455 - INFO - Epoch: 2/5, Iter: 255/457 -- train_loss: 0.4285 
2026-10-03 04:47:10,710 - INFO - Epoch: 2/5, Iter: 256/457 -- train_loss: 0.6108 
2026-10-03 04:47:10,971 - INFO - Epoch: 2/5, Iter: 257/457 -- train_loss: 1.0537 
2026-10-03 04:47:11,926 - INFO - Epoch: 2/5, Iter: 258/457 -- train_loss: 0.5894 
2026-10-03 04:47:12,120 - INFO - Epoch: 2/5, Iter: 259/457 -- train_loss: 0.1237 
2026-10-03 04:47:12,369 - INFO - Epoch: 2/5, Iter: 260/457 -- train_loss: 0.1199 
2026-10-03 04:47:12,622 - INFO - Epoch: 2/5, Iter: 261/457 -- train_loss: 0.9277 
2026-10-03 04:47:14,659 - INFO - Epoch: 2/5, Iter: 262/457 -- train_loss: 0.5459 
2026-10-03 04:47:14,908 - INFO - Epoch: 2/5, Iter: 263/457 -- train_loss: 0.7139 
2026-10-03 04:47:15,164 - INFO - Epoch: 2/5, Iter: 264/457 -- train_loss: 0.9468 
2026-10-03 04:47:15,416 - INFO - Epoch: 2/5, Iter: 265/457 -- train_loss: 0.9707 
2026-10-03 04:47:18,112 - INFO - Epoch: 2/5, Iter: 266/457 -- train_loss: 0.1632 
2026-10-03 04:47:18,361 - INFO - Epoch: 2/5, Iter: 267/457 -- train_loss: 0.7847 
2026-10-03 04:47:18,605 - INFO - Epoch: 2/5, Iter: 268/457 -- train_loss: 0.4937 
2026-10-03 04:47:18,849 - INFO - Epoch: 2/5, Iter: 269/457 -- train_loss: 0.6807 
2026-10-03 04:47:20,083 - INFO - Epoch: 2/5, Iter: 270/457 -- train_loss: 0.7070 
2026-10-03 04:47:20,273 - INFO - Epoch: 2/5, Iter: 271/457 -- train_loss: 0.2045 
2026-10-03 04:47:20,517 - INFO - Epoch: 2/5, Iter: 272/457 -- train_loss: 0.6831 
2026-10-03 04:47:20,763 - INFO - Epoch: 2/5, Iter: 273/457 -- train_loss: 0.5757 
2026-10-03 04:47:23,058 - INFO - Epoch: 2/5, Iter: 274/457 -- train_loss: 0.1965 
2026-10-03 04:47:23,307 - INFO - Epoch: 2/5, Iter: 275/457 -- train_loss: 0.7715 
2026-10-03 04:47:23,552 - INFO - Epoch: 2/5, Iter: 276/457 -- train_loss: 0.5845 
2026-10-03 04:47:23,807 - INFO - Epoch: 2/5, Iter: 277/457 -- train_loss: 0.8345 
2026-10-03 04:47:24,484 - INFO - Epoch: 2/5, Iter: 278/457 -- train_loss: 0.1888 
2026-10-03 04:47:25,704 - INFO - Epoch: 2/5, Iter: 279/457 -- train_loss: 0.4365 
2026-10-03 04:47:25,956 - INFO - Epoch: 2/5, Iter: 280/457 -- train_loss: 1.0088 
2026-10-03 04:47:26,205 - INFO - Epoch: 2/5, Iter: 281/457 -- train_loss: 0.9160 
2026-10-03 04:47:28,085 - INFO - Epoch: 2/5, Iter: 282/457 -- train_loss: 0.8149 
2026-10-03 04:47:28,326 - INFO - Epoch: 2/5, Iter: 283/457 -- train_loss: 0.5415 
2026-10-03 04:47:28,578 - INFO - Epoch: 2/5, Iter: 284/457 -- train_loss: 0.8188 
2026-10-03 04:47:28,825 - INFO - Epoch: 2/5, Iter: 285/457 -- train_loss: 0.5840 
2026-10-03 04:47:31,705 - INFO - Epoch: 2/5, Iter: 286/457 -- train_loss: 0.2167 
2026-10-03 04:47:31,953 - INFO - Epoch: 2/5, Iter: 287/457 -- train_loss: 0.5391 
2026-10-03 04:47:32,206 - INFO - Epoch: 2/5, Iter: 288/457 -- train_loss: 0.8203 
2026-10-03 04:47:32,452 - INFO - Epoch: 2/5, Iter: 289/457 -- train_loss: 0.4790 
2026-10-03 04:47:32,857 - INFO - Epoch: 2/5, Iter: 290/457 -- train_loss: 0.5869 
2026-10-03 04:47:33,719 - INFO - Epoch: 2/5, Iter: 291/457 -- train_loss: 0.4255 
2026-10-03 04:47:33,966 - INFO - Epoch: 2/5, Iter: 292/457 -- train_loss: 0.5308 
2026-10-03 04:47:34,215 - INFO - Epoch: 2/5, Iter: 293/457 -- train_loss: 0.5762 
2026-10-03 04:47:35,528 - INFO - Epoch: 2/5, Iter: 294/457 -- train_loss: 0.5601 
2026-10-03 04:47:35,786 - INFO - Epoch: 2/5, Iter: 295/457 -- train_loss: 0.6938 
2026-10-03 04:47:36,040 - INFO - Epoch: 2/5, Iter: 296/457 -- train_loss: 0.4675 
2026-10-03 04:47:36,298 - INFO - Epoch: 2/5, Iter: 297/457 -- train_loss: 0.6494 
2026-10-03 04:47:38,058 - INFO - Epoch: 2/5, Iter: 298/457 -- train_loss: 0.5610 
2026-10-03 04:47:38,308 - INFO - Epoch: 2/5, Iter: 299/457 -- train_loss: 0.7310 
2026-10-03 04:47:38,579 - INFO - Epoch: 2/5, Iter: 300/457 -- train_loss: 0.7979 
2026-10-03 04:47:38,847 - INFO - Epoch: 2/5, Iter: 301/457 -- train_loss: 1.0215 
2026-10-03 04:47:40,820 - INFO - Epoch: 2/5, Iter: 302/457 -- train_loss: 0.5107 
2026-10-03 04:47:41,064 - INFO - Epoch: 2/5, Iter: 303/457 -- train_loss: 0.9121 
2026-10-03 04:47:41,254 - INFO - Epoch: 2/5, Iter: 304/457 -- train_loss: 0.1923 
2026-10-03 04:47:41,497 - INFO - Epoch: 2/5, Iter: 305/457 -- train_loss: 0.5615 
2026-10-03 04:47:44,698 - INFO - Epoch: 2/5, Iter: 306/457 -- train_loss: 0.8428 
2026-10-03 04:47:44,940 - INFO - Epoch: 2/5, Iter: 307/457 -- train_loss: 0.6812 
2026-10-03 04:47:45,191 - INFO - Epoch: 2/5, Iter: 308/457 -- train_loss: 0.7998 
2026-10-03 04:47:45,433 - INFO - Epoch: 2/5, Iter: 309/457 -- train_loss: 0.5244 
2026-10-03 04:47:47,015 - INFO - Epoch: 2/5, Iter: 310/457 -- train_loss: 0.8203 
2026-10-03 04:47:47,261 - INFO - Epoch: 2/5, Iter: 311/457 -- train_loss: 0.5444 
2026-10-03 04:47:47,462 - INFO - Epoch: 2/5, Iter: 312/457 -- train_loss: 0.2468 
2026-10-03 04:47:47,703 - INFO - Epoch: 2/5, Iter: 313/457 -- train_loss: 0.6299 
2026-10-03 04:47:50,757 - INFO - Epoch: 2/5, Iter: 314/457 -- train_loss: 0.6602 
2026-10-03 04:47:50,960 - INFO - Epoch: 2/5, Iter: 315/457 -- train_loss: 0.2124 
2026-10-03 04:47:51,213 - INFO - Epoch: 2/5, Iter: 316/457 -- train_loss: 0.8384 
2026-10-03 04:47:51,464 - INFO - Epoch: 2/5, Iter: 317/457 -- train_loss: 0.5562 
2026-10-03 04:47:52,279 - INFO - Epoch: 2/5, Iter: 318/457 -- train_loss: 0.7349 
2026-10-03 04:47:52,523 - INFO - Epoch: 2/5, Iter: 319/457 -- train_loss: 0.6460 
2026-10-03 04:47:52,770 - INFO - Epoch: 2/5, Iter: 320/457 -- train_loss: 0.5322 
2026-10-03 04:47:53,029 - INFO - Epoch: 2/5, Iter: 321/457 -- train_loss: 0.8931 
2026-10-03 04:47:53,612 - INFO - Epoch: 2/5, Iter: 322/457 -- train_loss: 0.6777 
2026-10-03 04:47:53,868 - INFO - Epoch: 2/5, Iter: 323/457 -- train_loss: 0.7490 
2026-10-03 04:47:54,111 - INFO - Epoch: 2/5, Iter: 324/457 -- train_loss: 0.7783 
2026-10-03 04:47:54,368 - INFO - Epoch: 2/5, Iter: 325/457 -- train_loss: 0.8027 
2026-10-03 04:47:55,687 - INFO - Epoch: 2/5, Iter: 326/457 -- train_loss: 0.8306 
2026-10-03 04:47:56,795 - INFO - Epoch: 2/5, Iter: 327/457 -- train_loss: 0.7490 
2026-10-03 04:47:57,051 - INFO - Epoch: 2/5, Iter: 328/457 -- train_loss: 0.6421 
2026-10-03 04:47:57,294 - INFO - Epoch: 2/5, Iter: 329/457 -- train_loss: 0.5981 
2026-10-03 04:47:57,566 - INFO - Epoch: 2/5, Iter: 330/457 -- train_loss: 0.7007 
2026-10-03 04:47:59,267 - INFO - Epoch: 2/5, Iter: 331/457 -- train_loss: 0.7783 
2026-10-03 04:47:59,515 - INFO - Epoch: 2/5, Iter: 332/457 -- train_loss: 0.5483 
2026-10-03 04:47:59,769 - INFO - Epoch: 2/5, Iter: 333/457 -- train_loss: 0.7354 
2026-10-03 04:48:00,593 - INFO - Epoch: 2/5, Iter: 334/457 -- train_loss: 0.6040 
2026-10-03 04:48:02,300 - INFO - Epoch: 2/5, Iter: 335/457 -- train_loss: 0.2340 
2026-10-03 04:48:02,558 - INFO - Epoch: 2/5, Iter: 336/457 -- train_loss: 0.9316 
2026-10-03 04:48:02,814 - INFO - Epoch: 2/5, Iter: 337/457 -- train_loss: 0.7900 
2026-10-03 04:48:04,032 - INFO - Epoch: 2/5, Iter: 338/457 -- train_loss: 0.5820 
2026-10-03 04:48:04,825 - INFO - Epoch: 2/5, Iter: 339/457 -- train_loss: 0.7383 
2026-10-03 04:48:05,640 - INFO - Epoch: 2/5, Iter: 340/457 -- train_loss: 0.5664 
2026-10-03 04:48:05,886 - INFO - Epoch: 2/5, Iter: 341/457 -- train_loss: 0.6372 
2026-10-03 04:48:06,107 - INFO - Epoch: 2/5, Iter: 342/457 -- train_loss: 0.1844 
2026-10-03 04:48:06,375 - INFO - Epoch: 2/5, Iter: 343/457 -- train_loss: 0.8110 
2026-10-03 04:48:06,986 - INFO - Epoch: 2/5, Iter: 344/457 -- train_loss: 0.1770 
2026-10-03 04:48:07,244 - INFO - Epoch: 2/5, Iter: 345/457 -- train_loss: 0.8496 
2026-10-03 04:48:08,716 - INFO - Epoch: 2/5, Iter: 346/457 -- train_loss: 0.5283 
2026-10-03 04:48:08,962 - INFO - Epoch: 2/5, Iter: 347/457 -- train_loss: 0.6567 
2026-10-03 04:48:09,207 - INFO - Epoch: 2/5, Iter: 348/457 -- train_loss: 0.5742 
2026-10-03 04:48:11,048 - INFO - Epoch: 2/5, Iter: 349/457 -- train_loss: 0.7715 
2026-10-03 04:48:11,293 - INFO - Epoch: 2/5, Iter: 350/457 -- train_loss: 0.6802 
2026-10-03 04:48:11,545 - INFO - Epoch: 2/5, Iter: 351/457 -- train_loss: 0.8130 
2026-10-03 04:48:11,800 - INFO - Epoch: 2/5, Iter: 352/457 -- train_loss: 0.4336 
2026-10-03 04:48:14,648 - INFO - Epoch: 2/5, Iter: 353/457 -- train_loss: 0.6665 
2026-10-03 04:48:14,894 - INFO - Epoch: 2/5, Iter: 354/457 -- train_loss: 0.6152 
2026-10-03 04:48:15,137 - INFO - Epoch: 2/5, Iter: 355/457 -- train_loss: 0.7632 
2026-10-03 04:48:15,324 - INFO - Epoch: 2/5, Iter: 356/457 -- train_loss: 0.2023 
2026-10-03 04:48:16,733 - INFO - Epoch: 2/5, Iter: 357/457 -- train_loss: 0.6724 
2026-10-03 04:48:16,977 - INFO - Epoch: 2/5, Iter: 358/457 -- train_loss: 0.6274 
2026-10-03 04:48:17,562 - INFO - Epoch: 2/5, Iter: 359/457 -- train_loss: 0.1965 
2026-10-03 04:48:17,757 - INFO - Epoch: 2/5, Iter: 360/457 -- train_loss: 0.1821 
2026-10-03 04:48:18,598 - INFO - Epoch: 2/5, Iter: 361/457 -- train_loss: 0.7778 
2026-10-03 04:48:18,789 - INFO - Epoch: 2/5, Iter: 362/457 -- train_loss: 0.1345 
2026-10-03 04:48:19,073 - INFO - Epoch: 2/5, Iter: 363/457 -- train_loss: 0.1295 
2026-10-03 04:48:19,335 - INFO - Epoch: 2/5, Iter: 364/457 -- train_loss: 0.9307 
2026-10-03 04:48:20,411 - INFO - Epoch: 2/5, Iter: 365/457 -- train_loss: 0.4304 
2026-10-03 04:48:20,677 - INFO - Epoch: 2/5, Iter: 366/457 -- train_loss: 0.8794 
2026-10-03 04:48:20,941 - INFO - Epoch: 2/5, Iter: 367/457 -- train_loss: 0.7139 
2026-10-03 04:48:21,183 - INFO - Epoch: 2/5, Iter: 368/457 -- train_loss: 0.5410 
2026-10-03 04:48:23,815 - INFO - Epoch: 2/5, Iter: 369/457 -- train_loss: 0.7144 
2026-10-03 04:48:24,010 - INFO - Epoch: 2/5, Iter: 370/457 -- train_loss: 0.1298 
2026-10-03 04:48:24,254 - INFO - Epoch: 2/5, Iter: 371/457 -- train_loss: 0.6211 
2026-10-03 04:48:24,509 - INFO - Epoch: 2/5, Iter: 372/457 -- train_loss: 1.0557 
2026-10-03 04:48:27,526 - INFO - Epoch: 2/5, Iter: 373/457 -- train_loss: 0.5273 
2026-10-03 04:48:27,787 - INFO - Epoch: 2/5, Iter: 374/457 -- train_loss: 0.9619 
2026-10-03 04:48:28,040 - INFO - Epoch: 2/5, Iter: 375/457 -- train_loss: 0.9873 
2026-10-03 04:48:28,236 - INFO - Epoch: 2/5, Iter: 376/457 -- train_loss: 0.1946 
2026-10-03 04:48:28,928 - INFO - Epoch: 2/5, Iter: 377/457 -- train_loss: 0.8530 
2026-10-03 04:48:29,173 - INFO - Epoch: 2/5, Iter: 378/457 -- train_loss: 0.7129 
2026-10-03 04:48:29,422 - INFO - Epoch: 2/5, Iter: 379/457 -- train_loss: 0.9268 
2026-10-03 04:48:29,673 - INFO - Epoch: 2/5, Iter: 380/457 -- train_loss: 0.6724 
2026-10-03 04:48:31,814 - INFO - Epoch: 2/5, Iter: 381/457 -- train_loss: 0.6636 
2026-10-03 04:48:32,061 - INFO - Epoch: 2/5, Iter: 382/457 -- train_loss: 0.7363 
2026-10-03 04:48:32,306 - INFO - Epoch: 2/5, Iter: 383/457 -- train_loss: 0.6123 
2026-10-03 04:48:32,548 - INFO - Epoch: 2/5, Iter: 384/457 -- train_loss: 0.7305 
2026-10-03 04:48:34,101 - INFO - Epoch: 2/5, Iter: 385/457 -- train_loss: 0.1976 
2026-10-03 04:48:34,344 - INFO - Epoch: 2/5, Iter: 386/457 -- train_loss: 0.3875 
2026-10-03 04:48:34,596 - INFO - Epoch: 2/5, Iter: 387/457 -- train_loss: 0.6201 
2026-10-03 04:48:34,883 - INFO - Epoch: 2/5, Iter: 388/457 -- train_loss: 0.9839 
2026-10-03 04:48:35,593 - INFO - Epoch: 2/5, Iter: 389/457 -- train_loss: 0.1499 
2026-10-03 04:48:35,787 - INFO - Epoch: 2/5, Iter: 390/457 -- train_loss: 0.1384 
2026-10-03 04:48:36,039 - INFO - Epoch: 2/5, Iter: 391/457 -- train_loss: 0.4551 
2026-10-03 04:48:36,297 - INFO - Epoch: 2/5, Iter: 392/457 -- train_loss: 0.7197 
2026-10-03 04:48:37,534 - INFO - Epoch: 2/5, Iter: 393/457 -- train_loss: 0.6719 
2026-10-03 04:48:37,783 - INFO - Epoch: 2/5, Iter: 394/457 -- train_loss: 0.5024 
2026-10-03 04:48:38,030 - INFO - Epoch: 2/5, Iter: 395/457 -- train_loss: 0.7227 
2026-10-03 04:48:38,318 - INFO - Epoch: 2/5, Iter: 396/457 -- train_loss: 0.6909 
2026-10-03 04:48:40,331 - INFO - Epoch: 2/5, Iter: 397/457 -- train_loss: 0.9072 
2026-10-03 04:48:40,580 - INFO - Epoch: 2/5, Iter: 398/457 -- train_loss: 0.6133 
2026-10-03 04:48:40,833 - INFO - Epoch: 2/5, Iter: 399/457 -- train_loss: 0.8574 
2026-10-03 04:48:41,032 - INFO - Epoch: 2/5, Iter: 400/457 -- train_loss: 0.1628 
2026-10-03 04:48:42,502 - INFO - Epoch: 2/5, Iter: 401/457 -- train_loss: 0.7456 
2026-10-03 04:48:42,748 - INFO - Epoch: 2/5, Iter: 402/457 -- train_loss: 0.6548 
2026-10-03 04:48:42,997 - INFO - Epoch: 2/5, Iter: 403/457 -- train_loss: 0.6582 
2026-10-03 04:48:43,792 - INFO - Epoch: 2/5, Iter: 404/457 -- train_loss: 0.9233 
2026-10-03 04:48:43,990 - INFO - Epoch: 2/5, Iter: 405/457 -- train_loss: 0.2401 
2026-10-03 04:48:44,241 - INFO - Epoch: 2/5, Iter: 406/457 -- train_loss: 0.7192 
2026-10-03 04:48:44,483 - INFO - Epoch: 2/5, Iter: 407/457 -- train_loss: 0.6211 
2026-10-03 04:48:46,633 - INFO - Epoch: 2/5, Iter: 408/457 -- train_loss: 0.7812 
2026-10-03 04:48:47,174 - INFO - Epoch: 2/5, Iter: 409/457 -- train_loss: 0.4802 
2026-10-03 04:48:47,426 - INFO - Epoch: 2/5, Iter: 410/457 -- train_loss: 0.8052 
2026-10-03 04:48:47,674 - INFO - Epoch: 2/5, Iter: 411/457 -- train_loss: 0.6235 
2026-10-03 04:48:48,970 - INFO - Epoch: 2/5, Iter: 412/457 -- train_loss: 0.8374 
2026-10-03 04:48:49,213 - INFO - Epoch: 2/5, Iter: 413/457 -- train_loss: 0.5503 
2026-10-03 04:48:49,409 - INFO - Epoch: 2/5, Iter: 414/457 -- train_loss: 0.2450 
2026-10-03 04:48:49,664 - INFO - Epoch: 2/5, Iter: 415/457 -- train_loss: 0.9712 
2026-10-03 04:48:50,754 - INFO - Epoch: 2/5, Iter: 416/457 -- train_loss: 0.6436 
2026-10-03 04:48:51,003 - INFO - Epoch: 2/5, Iter: 417/457 -- train_loss: 0.6475 
2026-10-03 04:48:51,209 - INFO - Epoch: 2/5, Iter: 418/457 -- train_loss: 0.1915 
2026-10-03 04:48:51,480 - INFO - Epoch: 2/5, Iter: 419/457 -- train_loss: 0.5908 
2026-10-03 04:48:53,419 - INFO - Epoch: 2/5, Iter: 420/457 -- train_loss: 0.7114 
2026-10-03 04:48:53,672 - INFO - Epoch: 2/5, Iter: 421/457 -- train_loss: 0.6558 
2026-10-03 04:48:53,930 - INFO - Epoch: 2/5, Iter: 422/457 -- train_loss: 0.7310 
2026-10-03 04:48:54,177 - INFO - Epoch: 2/5, Iter: 423/457 -- train_loss: 0.6621 
2026-10-03 04:48:56,701 - INFO - Epoch: 2/5, Iter: 424/457 -- train_loss: 0.5649 
2026-10-03 04:48:56,959 - INFO - Epoch: 2/5, Iter: 425/457 -- train_loss: 0.8003 
2026-10-03 04:48:57,733 - INFO - Epoch: 2/5, Iter: 426/457 -- train_loss: 0.7393 
2026-10-03 04:48:57,981 - INFO - Epoch: 2/5, Iter: 427/457 -- train_loss: 0.6768 
2026-10-03 04:48:58,259 - INFO - Epoch: 2/5, Iter: 428/457 -- train_loss: 0.8379 
2026-10-03 04:48:58,453 - INFO - Epoch: 2/5, Iter: 429/457 -- train_loss: 0.2174 
2026-10-03 04:48:59,159 - INFO - Epoch: 2/5, Iter: 430/457 -- train_loss: 0.7021 
2026-10-03 04:48:59,349 - INFO - Epoch: 2/5, Iter: 431/457 -- train_loss: 0.2080 
2026-10-03 04:48:59,661 - INFO - Epoch: 2/5, Iter: 432/457 -- train_loss: 0.6553 
2026-10-03 04:48:59,852 - INFO - Epoch: 2/5, Iter: 433/457 -- train_loss: 0.1890 
2026-10-03 04:49:01,438 - INFO - Epoch: 2/5, Iter: 434/457 -- train_loss: 0.7407 
2026-10-03 04:49:01,691 - INFO - Epoch: 2/5, Iter: 435/457 -- train_loss: 0.6104 
2026-10-03 04:49:01,885 - INFO - Epoch: 2/5, Iter: 436/457 -- train_loss: 0.1660 
2026-10-03 04:49:02,143 - INFO - Epoch: 2/5, Iter: 437/457 -- train_loss: 0.9316 
2026-10-03 04:49:05,197 - INFO - Epoch: 2/5, Iter: 438/457 -- train_loss: 0.7759 
2026-10-03 04:49:05,440 - INFO - Epoch: 2/5, Iter: 439/457 -- train_loss: 0.6494 
2026-10-03 04:49:05,690 - INFO - Epoch: 2/5, Iter: 440/457 -- train_loss: 0.6694 
2026-10-03 04:49:05,933 - INFO - Epoch: 2/5, Iter: 441/457 -- train_loss: 0.6191 
2026-10-03 04:49:08,013 - INFO - Epoch: 2/5, Iter: 442/457 -- train_loss: 0.1533 
2026-10-03 04:49:08,274 - INFO - Epoch: 2/5, Iter: 443/457 -- train_loss: 0.7959 
2026-10-03 04:49:08,527 - INFO - Epoch: 2/5, Iter: 444/457 -- train_loss: 0.5537 
2026-10-03 04:49:08,770 - INFO - Epoch: 2/5, Iter: 445/457 -- train_loss: 0.7432 
2026-10-03 04:49:11,662 - INFO - Epoch: 2/5, Iter: 446/457 -- train_loss: 0.6382 
2026-10-03 04:49:11,917 - INFO - Epoch: 2/5, Iter: 447/457 -- train_loss: 0.7300 
2026-10-03 04:49:12,165 - INFO - Epoch: 2/5, Iter: 448/457 -- train_loss: 0.6699 
2026-10-03 04:49:12,409 - INFO - Epoch: 2/5, Iter: 449/457 -- train_loss: 0.5518 
2026-10-03 04:49:13,700 - INFO - Epoch: 2/5, Iter: 450/457 -- train_loss: 0.8242 
2026-10-03 04:49:13,945 - INFO - Epoch: 2/5, Iter: 451/457 -- train_loss: 0.6440 
2026-10-03 04:49:14,203 - INFO - Epoch: 2/5, Iter: 452/457 -- train_loss: 0.8540 
2026-10-03 04:49:14,464 - INFO - Epoch: 2/5, Iter: 453/457 -- train_loss: 0.5762 
2026-10-03 04:49:16,252 - INFO - Epoch: 2/5, Iter: 454/457 -- train_loss: 0.2360 
2026-10-03 04:49:16,453 - INFO - Epoch: 2/5, Iter: 455/457 -- train_loss: 0.2250 
2026-10-03 04:49:16,702 - INFO - Epoch: 2/5, Iter: 456/457 -- train_loss: 0.6562 
2026-10-03 04:49:17,920 - INFO - Epoch: 2/5, Iter: 457/457 -- train_loss: 0.6592 
2026-10-03 04:49:17,922 - ignite.engine.engine.DetectionTrainer - INFO - Current learning rate: 0.0003
2026-10-03 04:49:17,923 - ignite.engine.engine.DetectionEvaluator - INFO - Engine run resuming from iteration 0, epoch 1 until 2 epochs
2026-10-03 04:51:08,071 - root - INFO - Start COCO metric computation...
2026-10-03 04:51:08,076 - root - INFO - Statistics for COCO metrics finished (t=0.00s).
2026-10-03 04:51:08,077 - root - INFO - COCO metrics computed in t=0.00s.
2026-10-03 04:51:08,078 - INFO - Epoch[2] Metrics -- val_coco: 0.0119 
2026-10-03 04:51:08,078 - INFO - Key metric: val_coco best value: 0.016506355852582793 at epoch: 1
2026-10-03 04:51:08,081 - ignite.engine.engine.DetectionEvaluator - INFO - Epoch[2] Complete. Time taken: 00:01:49.980
2026-10-03 04:51:08,082 - ignite.engine.engine.DetectionEvaluator - INFO - Engine run complete. Time taken: 00:01:50.158
2026-10-03 04:51:08,100 - ignite.engine.engine.DetectionTrainer - INFO - Epoch[2] Complete. Time taken: 00:06:44.952
2026-10-03 04:51:11,262 - INFO - Epoch: 3/5, Iter: 1/457 -- train_loss: 0.7598 
2026-10-03 04:51:11,493 - INFO - Epoch: 3/5, Iter: 2/457 -- train_loss: 0.1783 
2026-10-03 04:51:11,740 - INFO - Epoch: 3/5, Iter: 3/457 -- train_loss: 0.5073 
2026-10-03 04:51:12,001 - INFO - Epoch: 3/5, Iter: 4/457 -- train_loss: 0.7759 
2026-10-03 04:51:12,373 - INFO - Epoch: 3/5, Iter: 5/457 -- train_loss: 0.7075 
2026-10-03 04:51:13,452 - INFO - Epoch: 3/5, Iter: 6/457 -- train_loss: 0.1587 
2026-10-03 04:51:13,699 - INFO - Epoch: 3/5, Iter: 7/457 -- train_loss: 0.4487 
2026-10-03 04:51:13,945 - INFO - Epoch: 3/5, Iter: 8/457 -- train_loss: 0.7764 
2026-10-03 04:51:15,477 - INFO - Epoch: 3/5, Iter: 9/457 -- train_loss: 0.8667 
2026-10-03 04:51:15,734 - INFO - Epoch: 3/5, Iter: 10/457 -- train_loss: 0.7588 
2026-10-03 04:51:15,979 - INFO - Epoch: 3/5, Iter: 11/457 -- train_loss: 0.6602 
2026-10-03 04:51:16,182 - INFO - Epoch: 3/5, Iter: 12/457 -- train_loss: 0.1409 
2026-10-03 04:51:17,346 - INFO - Epoch: 3/5, Iter: 13/457 -- train_loss: 0.6621 
2026-10-03 04:51:19,496 - INFO - Epoch: 3/5, Iter: 14/457 -- train_loss: 0.1316 
2026-10-03 04:51:19,738 - INFO - Epoch: 3/5, Iter: 15/457 -- train_loss: 0.5688 
2026-10-03 04:51:19,932 - INFO - Epoch: 3/5, Iter: 16/457 -- train_loss: 0.1158 
2026-10-03 04:51:20,989 - INFO - Epoch: 3/5, Iter: 17/457 -- train_loss: 0.7061 
2026-10-03 04:51:21,317 - INFO - Epoch: 3/5, Iter: 18/457 -- train_loss: 0.6929 
2026-10-03 04:51:21,508 - INFO - Epoch: 3/5, Iter: 19/457 -- train_loss: 0.1148 
2026-10-03 04:51:21,707 - INFO - Epoch: 3/5, Iter: 20/457 -- train_loss: 0.1110 
2026-10-03 04:51:23,120 - INFO - Epoch: 3/5, Iter: 21/457 -- train_loss: 0.8906 
2026-10-03 04:51:23,616 - INFO - Epoch: 3/5, Iter: 22/457 -- train_loss: 0.6733 
2026-10-03 04:51:23,865 - INFO - Epoch: 3/5, Iter: 23/457 -- train_loss: 0.4441 
2026-10-03 04:51:24,175 - INFO - Epoch: 3/5, Iter: 24/457 -- train_loss: 0.6592 
2026-10-03 04:51:24,995 - INFO - Epoch: 3/5, Iter: 25/457 -- train_loss: 0.5996 
2026-10-03 04:51:26,075 - INFO - Epoch: 3/5, Iter: 26/457 -- train_loss: 0.8354 
2026-10-03 04:51:26,338 - INFO - Epoch: 3/5, Iter: 27/457 -- train_loss: 0.8999 
2026-10-03 04:51:26,598 - INFO - Epoch: 3/5, Iter: 28/457 -- train_loss: 0.7886 
2026-10-03 04:51:26,803 - INFO - Epoch: 3/5, Iter: 29/457 -- train_loss: 0.1805 
2026-10-03 04:51:28,544 - INFO - Epoch: 3/5, Iter: 30/457 -- train_loss: 0.8145 
2026-10-03 04:51:28,793 - INFO - Epoch: 3/5, Iter: 31/457 -- train_loss: 0.7168 
2026-10-03 04:51:30,223 - INFO - Epoch: 3/5, Iter: 32/457 -- train_loss: 0.1915 
2026-10-03 04:51:30,463 - INFO - Epoch: 3/5, Iter: 33/457 -- train_loss: 0.8340 
2026-10-03 04:51:31,106 - INFO - Epoch: 3/5, Iter: 34/457 -- train_loss: 0.6992 
2026-10-03 04:51:31,355 - INFO - Epoch: 3/5, Iter: 35/457 -- train_loss: 0.5884 
2026-10-03 04:51:31,610 - INFO - Epoch: 3/5, Iter: 36/457 -- train_loss: 0.5415 
2026-10-03 04:51:31,876 - INFO - Epoch: 3/5, Iter: 37/457 -- train_loss: 0.6812 
2026-10-03 04:51:32,894 - INFO - Epoch: 3/5, Iter: 38/457 -- train_loss: 0.6797 
2026-10-03 04:51:33,140 - INFO - Epoch: 3/5, Iter: 39/457 -- train_loss: 0.8232 
2026-10-03 04:51:33,400 - INFO - Epoch: 3/5, Iter: 40/457 -- train_loss: 0.6377 
2026-10-03 04:51:33,665 - INFO - Epoch: 3/5, Iter: 41/457 -- train_loss: 0.8091 
2026-10-03 04:51:35,570 - INFO - Epoch: 3/5, Iter: 42/457 -- train_loss: 0.8462 
2026-10-03 04:51:35,828 - INFO - Epoch: 3/5, Iter: 43/457 -- train_loss: 0.8657 
2026-10-03 04:51:36,578 - INFO - Epoch: 3/5, Iter: 44/457 -- train_loss: 0.6606 
2026-10-03 04:51:36,832 - INFO - Epoch: 3/5, Iter: 45/457 -- train_loss: 0.7061 
2026-10-03 04:51:38,769 - INFO - Epoch: 3/5, Iter: 46/457 -- train_loss: 0.3083 
2026-10-03 04:51:39,021 - INFO - Epoch: 3/5, Iter: 47/457 -- train_loss: 0.5967 
2026-10-03 04:51:40,056 - INFO - Epoch: 3/5, Iter: 48/457 -- train_loss: 0.7271 
2026-10-03 04:51:40,299 - INFO - Epoch: 3/5, Iter: 49/457 -- train_loss: 0.5908 
2026-10-03 04:51:40,892 - INFO - Epoch: 3/5, Iter: 50/457 -- train_loss: 0.8838 
2026-10-03 04:51:41,138 - INFO - Epoch: 3/5, Iter: 51/457 -- train_loss: 0.6748 
2026-10-03 04:51:41,895 - INFO - Epoch: 3/5, Iter: 52/457 -- train_loss: 0.1978 
2026-10-03 04:51:42,141 - INFO - Epoch: 3/5, Iter: 53/457 -- train_loss: 0.8423 
2026-10-03 04:51:42,657 - INFO - Epoch: 3/5, Iter: 54/457 -- train_loss: 0.6406 
2026-10-03 04:51:42,847 - INFO - Epoch: 3/5, Iter: 55/457 -- train_loss: 0.1816 
2026-10-03 04:51:43,809 - INFO - Epoch: 3/5, Iter: 56/457 -- train_loss: 0.4048 
2026-10-03 04:51:44,065 - INFO - Epoch: 3/5, Iter: 57/457 -- train_loss: 0.8267 
2026-10-03 04:51:45,471 - INFO - Epoch: 3/5, Iter: 58/457 -- train_loss: 0.7739 
2026-10-03 04:51:45,667 - INFO - Epoch: 3/5, Iter: 59/457 -- train_loss: 0.1687 
2026-10-03 04:51:46,821 - INFO - Epoch: 3/5, Iter: 60/457 -- train_loss: 0.6172 
2026-10-03 04:51:47,073 - INFO - Epoch: 3/5, Iter: 61/457 -- train_loss: 0.7534 
2026-10-03 04:51:47,348 - INFO - Epoch: 3/5, Iter: 62/457 -- train_loss: 0.7046 
2026-10-03 04:51:47,599 - INFO - Epoch: 3/5, Iter: 63/457 -- train_loss: 0.6763 
2026-10-03 04:51:48,773 - INFO - Epoch: 3/5, Iter: 64/457 -- train_loss: 0.4678 
2026-10-03 04:51:49,039 - INFO - Epoch: 3/5, Iter: 65/457 -- train_loss: 0.6758 
2026-10-03 04:51:50,053 - INFO - Epoch: 3/5, Iter: 66/457 -- train_loss: 0.6738 
2026-10-03 04:51:50,589 - INFO - Epoch: 3/5, Iter: 67/457 -- train_loss: 0.7383 
2026-10-03 04:51:52,946 - INFO - Epoch: 3/5, Iter: 68/457 -- train_loss: 0.8066 
2026-10-03 04:51:53,144 - INFO - Epoch: 3/5, Iter: 69/457 -- train_loss: 0.2019 
2026-10-03 04:51:53,390 - INFO - Epoch: 3/5, Iter: 70/457 -- train_loss: 0.7368 
2026-10-03 04:51:53,633 - INFO - Epoch: 3/5, Iter: 71/457 -- train_loss: 0.5513 
2026-10-03 04:51:54,934 - INFO - Epoch: 3/5, Iter: 72/457 -- train_loss: 0.7490 
2026-10-03 04:51:55,186 - INFO - Epoch: 3/5, Iter: 73/457 -- train_loss: 0.8037 
2026-10-03 04:51:55,386 - INFO - Epoch: 3/5, Iter: 74/457 -- train_loss: 0.1685 
2026-10-03 04:51:55,579 - INFO - Epoch: 3/5, Iter: 75/457 -- train_loss: 0.1470 
2026-10-03 04:51:57,638 - INFO - Epoch: 3/5, Iter: 76/457 -- train_loss: 0.5986 
2026-10-03 04:51:57,889 - INFO - Epoch: 3/5, Iter: 77/457 -- train_loss: 1.0078 
2026-10-03 04:51:58,091 - INFO - Epoch: 3/5, Iter: 78/457 -- train_loss: 0.1318 
2026-10-03 04:51:58,286 - INFO - Epoch: 3/5, Iter: 79/457 -- train_loss: 0.1105 
2026-10-03 04:51:59,593 - INFO - Epoch: 3/5, Iter: 80/457 -- train_loss: 0.6504 
2026-10-03 04:51:59,856 - INFO - Epoch: 3/5, Iter: 81/457 -- train_loss: 0.7783 
2026-10-03 04:52:00,420 - INFO - Epoch: 3/5, Iter: 82/457 -- train_loss: 0.6680 
2026-10-03 04:52:00,677 - INFO - Epoch: 3/5, Iter: 83/457 -- train_loss: 0.5137 
2026-10-03 04:52:01,120 - INFO - Epoch: 3/5, Iter: 84/457 -- train_loss: 0.1219 
2026-10-03 04:52:01,921 - INFO - Epoch: 3/5, Iter: 85/457 -- train_loss: 0.7832 
2026-10-03 04:52:02,150 - INFO - Epoch: 3/5, Iter: 86/457 -- train_loss: 0.1203 
2026-10-03 04:52:02,409 - INFO - Epoch: 3/5, Iter: 87/457 -- train_loss: 0.6533 
2026-10-03 04:52:02,873 - INFO - Epoch: 3/5, Iter: 88/457 -- train_loss: 1.0635 
2026-10-03 04:52:05,550 - INFO - Epoch: 3/5, Iter: 89/457 -- train_loss: 0.6069 
2026-10-03 04:52:05,750 - INFO - Epoch: 3/5, Iter: 90/457 -- train_loss: 0.1354 
2026-10-03 04:52:06,003 - INFO - Epoch: 3/5, Iter: 91/457 -- train_loss: 0.7451 
2026-10-03 04:52:06,197 - INFO - Epoch: 3/5, Iter: 92/457 -- train_loss: 0.1477 
2026-10-03 04:52:08,110 - INFO - Epoch: 3/5, Iter: 93/457 -- train_loss: 0.5508 
2026-10-03 04:52:08,359 - INFO - Epoch: 3/5, Iter: 94/457 -- train_loss: 0.6216 
2026-10-03 04:52:08,618 - INFO - Epoch: 3/5, Iter: 95/457 -- train_loss: 0.9092 
2026-10-03 04:52:08,872 - INFO - Epoch: 3/5, Iter: 96/457 -- train_loss: 0.6582 
2026-10-03 04:52:11,573 - INFO - Epoch: 3/5, Iter: 97/457 -- train_loss: 0.8438 
2026-10-03 04:52:11,833 - INFO - Epoch: 3/5, Iter: 98/457 -- train_loss: 0.7422 
2026-10-03 04:52:12,081 - INFO - Epoch: 3/5, Iter: 99/457 -- train_loss: 0.7773 
2026-10-03 04:52:12,327 - INFO - Epoch: 3/5, Iter: 100/457 -- train_loss: 0.4915 
2026-10-03 04:52:14,411 - INFO - Epoch: 3/5, Iter: 101/457 -- train_loss: 0.6797 
2026-10-03 04:52:14,672 - INFO - Epoch: 3/5, Iter: 102/457 -- train_loss: 0.8638 
2026-10-03 04:52:14,864 - INFO - Epoch: 3/5, Iter: 103/457 -- train_loss: 0.2061 
2026-10-03 04:52:15,116 - INFO - Epoch: 3/5, Iter: 104/457 -- train_loss: 0.7866 
2026-10-03 04:52:17,762 - INFO - Epoch: 3/5, Iter: 105/457 -- train_loss: 0.2101 
2026-10-03 04:52:18,011 - INFO - Epoch: 3/5, Iter: 106/457 -- train_loss: 0.7935 
2026-10-03 04:52:18,200 - INFO - Epoch: 3/5, Iter: 107/457 -- train_loss: 0.1781 
2026-10-03 04:52:18,457 - INFO - Epoch: 3/5, Iter: 108/457 -- train_loss: 0.8945 
2026-10-03 04:52:20,526 - INFO - Epoch: 3/5, Iter: 109/457 -- train_loss: 0.1716 
2026-10-03 04:52:20,778 - INFO - Epoch: 3/5, Iter: 110/457 -- train_loss: 0.7969 
2026-10-03 04:52:21,029 - INFO - Epoch: 3/5, Iter: 111/457 -- train_loss: 0.5605 
2026-10-03 04:52:21,275 - INFO - Epoch: 3/5, Iter: 112/457 -- train_loss: 0.8027 
2026-10-03 04:52:22,013 - INFO - Epoch: 3/5, Iter: 113/457 -- train_loss: 0.5283 
2026-10-03 04:52:22,258 - INFO - Epoch: 3/5, Iter: 114/457 -- train_loss: 0.6738 
2026-10-03 04:52:22,454 - INFO - Epoch: 3/5, Iter: 115/457 -- train_loss: 0.1729 
2026-10-03 04:52:22,700 - INFO - Epoch: 3/5, Iter: 116/457 -- train_loss: 0.5342 
2026-10-03 04:52:24,196 - INFO - Epoch: 3/5, Iter: 117/457 -- train_loss: 0.1543 
2026-10-03 04:52:24,454 - INFO - Epoch: 3/5, Iter: 118/457 -- train_loss: 0.5186 
2026-10-03 04:52:24,714 - INFO - Epoch: 3/5, Iter: 119/457 -- train_loss: 0.8296 
2026-10-03 04:52:24,969 - INFO - Epoch: 3/5, Iter: 120/457 -- train_loss: 0.8594 
2026-10-03 04:52:26,769 - INFO - Epoch: 3/5, Iter: 121/457 -- train_loss: 0.3623 
2026-10-03 04:52:27,601 - INFO - Epoch: 3/5, Iter: 122/457 -- train_loss: 0.7188 
2026-10-03 04:52:27,849 - INFO - Epoch: 3/5, Iter: 123/457 -- train_loss: 0.6792 
2026-10-03 04:52:28,048 - INFO - Epoch: 3/5, Iter: 124/457 -- train_loss: 0.1702 
2026-10-03 04:52:28,380 - INFO - Epoch: 3/5, Iter: 125/457 -- train_loss: 0.1465 
2026-10-03 04:52:30,894 - INFO - Epoch: 3/5, Iter: 126/457 -- train_loss: 0.7769 
2026-10-03 04:52:31,090 - INFO - Epoch: 3/5, Iter: 127/457 -- train_loss: 0.1350 
2026-10-03 04:52:31,334 - INFO - Epoch: 3/5, Iter: 128/457 -- train_loss: 0.8486 
2026-10-03 04:52:31,580 - INFO - Epoch: 3/5, Iter: 129/457 -- train_loss: 0.7422 
2026-10-03 04:52:33,014 - INFO - Epoch: 3/5, Iter: 130/457 -- train_loss: 0.7109 
2026-10-03 04:52:33,266 - INFO - Epoch: 3/5, Iter: 131/457 -- train_loss: 0.5327 
2026-10-03 04:52:33,521 - INFO - Epoch: 3/5, Iter: 132/457 -- train_loss: 0.8447 
2026-10-03 04:52:33,712 - INFO - Epoch: 3/5, Iter: 133/457 -- train_loss: 0.1735 
2026-10-03 04:52:35,106 - INFO - Epoch: 3/5, Iter: 134/457 -- train_loss: 0.6392 
2026-10-03 04:52:35,367 - INFO - Epoch: 3/5, Iter: 135/457 -- train_loss: 0.6958 
2026-10-03 04:52:35,611 - INFO - Epoch: 3/5, Iter: 136/457 -- train_loss: 0.3623 
2026-10-03 04:52:35,871 - INFO - Epoch: 3/5, Iter: 137/457 -- train_loss: 0.9092 
2026-10-03 04:52:36,832 - INFO - Epoch: 3/5, Iter: 138/457 -- train_loss: 0.5503 
2026-10-03 04:52:38,209 - INFO - Epoch: 3/5, Iter: 139/457 -- train_loss: 0.7764 
2026-10-03 04:52:38,459 - INFO - Epoch: 3/5, Iter: 140/457 -- train_loss: 0.4226 
2026-10-03 04:52:38,716 - INFO - Epoch: 3/5, Iter: 141/457 -- train_loss: 0.8110 
2026-10-03 04:52:39,016 - INFO - Epoch: 3/5, Iter: 142/457 -- train_loss: 0.8745 
2026-10-03 04:52:39,941 - INFO - Epoch: 3/5, Iter: 143/457 -- train_loss: 0.8818 
2026-10-03 04:52:40,193 - INFO - Epoch: 3/5, Iter: 144/457 -- train_loss: 0.6152 
2026-10-03 04:52:40,453 - INFO - Epoch: 3/5, Iter: 145/457 -- train_loss: 0.8135 
2026-10-03 04:52:41,791 - INFO - Epoch: 3/5, Iter: 146/457 -- train_loss: 0.2644 
2026-10-03 04:52:42,046 - INFO - Epoch: 3/5, Iter: 147/457 -- train_loss: 0.6060 
2026-10-03 04:52:42,613 - INFO - Epoch: 3/5, Iter: 148/457 -- train_loss: 0.7222 
2026-10-03 04:52:42,807 - INFO - Epoch: 3/5, Iter: 149/457 -- train_loss: 0.2264 
2026-10-03 04:52:43,086 - INFO - Epoch: 3/5, Iter: 150/457 -- train_loss: 0.2106 
2026-10-03 04:52:43,608 - INFO - Epoch: 3/5, Iter: 151/457 -- train_loss: 0.7207 
2026-10-03 04:52:45,557 - INFO - Epoch: 3/5, Iter: 152/457 -- train_loss: 0.9033 
2026-10-03 04:52:45,805 - INFO - Epoch: 3/5, Iter: 153/457 -- train_loss: 0.5889 
2026-10-03 04:52:46,071 - INFO - Epoch: 3/5, Iter: 154/457 -- train_loss: 0.7871 
2026-10-03 04:52:46,273 - INFO - Epoch: 3/5, Iter: 155/457 -- train_loss: 0.1641 
2026-10-03 04:52:49,299 - INFO - Epoch: 3/5, Iter: 156/457 -- train_loss: 0.7612 
2026-10-03 04:52:49,557 - INFO - Epoch: 3/5, Iter: 157/457 -- train_loss: 0.8047 
2026-10-03 04:52:49,804 - INFO - Epoch: 3/5, Iter: 158/457 -- train_loss: 0.8213 
2026-10-03 04:52:50,060 - INFO - Epoch: 3/5, Iter: 159/457 -- train_loss: 0.7134 
2026-10-03 04:52:51,473 - INFO - Epoch: 3/5, Iter: 160/457 -- train_loss: 0.8096 
2026-10-03 04:52:51,717 - INFO - Epoch: 3/5, Iter: 161/457 -- train_loss: 0.5874 
2026-10-03 04:52:51,907 - INFO - Epoch: 3/5, Iter: 162/457 -- train_loss: 0.2444 
2026-10-03 04:52:52,155 - INFO - Epoch: 3/5, Iter: 163/457 -- train_loss: 0.6509 
2026-10-03 04:52:53,353 - INFO - Epoch: 3/5, Iter: 164/457 -- train_loss: 0.5132 
2026-10-03 04:52:53,601 - INFO - Epoch: 3/5, Iter: 165/457 -- train_loss: 0.5483 
2026-10-03 04:52:53,896 - INFO - Epoch: 3/5, Iter: 166/457 -- train_loss: 0.1986 
2026-10-03 04:52:54,141 - INFO - Epoch: 3/5, Iter: 167/457 -- train_loss: 0.6670 
2026-10-03 04:52:57,255 - INFO - Epoch: 3/5, Iter: 168/457 -- train_loss: 0.7549 
2026-10-03 04:52:57,510 - INFO - Epoch: 3/5, Iter: 169/457 -- train_loss: 0.7959 
2026-10-03 04:52:57,702 - INFO - Epoch: 3/5, Iter: 170/457 -- train_loss: 0.1808 
2026-10-03 04:52:57,952 - INFO - Epoch: 3/5, Iter: 171/457 -- train_loss: 0.4956 
2026-10-03 04:52:58,929 - INFO - Epoch: 3/5, Iter: 172/457 -- train_loss: 0.5073 
2026-10-03 04:52:59,179 - INFO - Epoch: 3/5, Iter: 173/457 -- train_loss: 0.6465 
2026-10-03 04:52:59,437 - INFO - Epoch: 3/5, Iter: 174/457 -- train_loss: 0.6855 
2026-10-03 04:52:59,681 - INFO - Epoch: 3/5, Iter: 175/457 -- train_loss: 0.6602 
2026-10-03 04:53:00,857 - INFO - Epoch: 3/5, Iter: 176/457 -- train_loss: 0.5708 
2026-10-03 04:53:01,158 - INFO - Epoch: 3/5, Iter: 177/457 -- train_loss: 0.6841 
2026-10-03 04:53:01,505 - INFO - Epoch: 3/5, Iter: 178/457 -- train_loss: 0.1888 
2026-10-03 04:53:01,755 - INFO - Epoch: 3/5, Iter: 179/457 -- train_loss: 0.5205 
2026-10-03 04:53:02,777 - INFO - Epoch: 3/5, Iter: 180/457 -- train_loss: 0.9077 
2026-10-03 04:53:03,731 - INFO - Epoch: 3/5, Iter: 181/457 -- train_loss: 0.6230 
2026-10-03 04:53:03,993 - INFO - Epoch: 3/5, Iter: 182/457 -- train_loss: 0.8774 
2026-10-03 04:53:04,265 - INFO - Epoch: 3/5, Iter: 183/457 -- train_loss: 0.7485 
2026-10-03 04:53:04,566 - INFO - Epoch: 3/5, Iter: 184/457 -- train_loss: 0.7539 
2026-10-03 04:53:06,623 - INFO - Epoch: 3/5, Iter: 185/457 -- train_loss: 0.6025 
2026-10-03 04:53:06,882 - INFO - Epoch: 3/5, Iter: 186/457 -- train_loss: 0.6895 
2026-10-03 04:53:07,134 - INFO - Epoch: 3/5, Iter: 187/457 -- train_loss: 0.6904 
2026-10-03 04:53:07,389 - INFO - Epoch: 3/5, Iter: 188/457 -- train_loss: 0.7158 
2026-10-03 04:53:08,194 - INFO - Epoch: 3/5, Iter: 189/457 -- train_loss: 0.5962 
2026-10-03 04:53:08,395 - INFO - Epoch: 3/5, Iter: 190/457 -- train_loss: 0.2764 
2026-10-03 04:53:08,747 - INFO - Epoch: 3/5, Iter: 191/457 -- train_loss: 0.5854 
2026-10-03 04:53:09,002 - INFO - Epoch: 3/5, Iter: 192/457 -- train_loss: 0.8193 
2026-10-03 04:53:10,291 - INFO - Epoch: 3/5, Iter: 193/457 -- train_loss: 0.6187 
2026-10-03 04:53:11,176 - INFO - Epoch: 3/5, Iter: 194/457 -- train_loss: 0.6792 
2026-10-03 04:53:12,178 - INFO - Epoch: 3/5, Iter: 195/457 -- train_loss: 0.2308 
2026-10-03 04:53:12,430 - INFO - Epoch: 3/5, Iter: 196/457 -- train_loss: 0.6592 
2026-10-03 04:53:12,680 - INFO - Epoch: 3/5, Iter: 197/457 -- train_loss: 0.5850 
2026-10-03 04:53:12,981 - INFO - Epoch: 3/5, Iter: 198/457 -- train_loss: 0.1770 
2026-10-03 04:53:14,036 - INFO - Epoch: 3/5, Iter: 199/457 -- train_loss: 0.1592 
2026-10-03 04:53:14,278 - INFO - Epoch: 3/5, Iter: 200/457 -- train_loss: 0.5820 
2026-10-03 04:53:15,996 - INFO - Epoch: 3/5, Iter: 201/457 -- train_loss: 0.4802 
2026-10-03 04:53:16,246 - INFO - Epoch: 3/5, Iter: 202/457 -- train_loss: 0.6021 
2026-10-03 04:53:17,094 - INFO - Epoch: 3/5, Iter: 203/457 -- train_loss: 0.4526 
2026-10-03 04:53:17,285 - INFO - Epoch: 3/5, Iter: 204/457 -- train_loss: 0.1274 
2026-10-03 04:53:17,678 - INFO - Epoch: 3/5, Iter: 205/457 -- train_loss: 0.9805 
2026-10-03 04:53:17,923 - INFO - Epoch: 3/5, Iter: 206/457 -- train_loss: 0.7568 
2026-10-03 04:53:19,638 - INFO - Epoch: 3/5, Iter: 207/457 -- train_loss: 0.4641 
2026-10-03 04:53:19,886 - INFO - Epoch: 3/5, Iter: 208/457 -- train_loss: 0.3872 
2026-10-03 04:53:20,138 - INFO - Epoch: 3/5, Iter: 209/457 -- train_loss: 0.9600 
2026-10-03 04:53:20,383 - INFO - Epoch: 3/5, Iter: 210/457 -- train_loss: 0.7129 
2026-10-03 04:53:22,672 - INFO - Epoch: 3/5, Iter: 211/457 -- train_loss: 0.6777 
2026-10-03 04:53:22,916 - INFO - Epoch: 3/5, Iter: 212/457 -- train_loss: 0.4844 
2026-10-03 04:53:23,159 - INFO - Epoch: 3/5, Iter: 213/457 -- train_loss: 0.5156 
2026-10-03 04:53:23,415 - INFO - Epoch: 3/5, Iter: 214/457 -- train_loss: 0.5049 
2026-10-03 04:53:26,397 - INFO - Epoch: 3/5, Iter: 215/457 -- train_loss: 0.7554 
2026-10-03 04:53:26,644 - INFO - Epoch: 3/5, Iter: 216/457 -- train_loss: 0.6963 
2026-10-03 04:53:26,889 - INFO - Epoch: 3/5, Iter: 217/457 -- train_loss: 0.6460 
2026-10-03 04:53:27,157 - INFO - Epoch: 3/5, Iter: 218/457 -- train_loss: 0.7285 
2026-10-03 04:53:28,000 - INFO - Epoch: 3/5, Iter: 219/457 -- train_loss: 0.6558 
2026-10-03 04:53:28,257 - INFO - Epoch: 3/5, Iter: 220/457 -- train_loss: 0.5073 
2026-10-03 04:53:28,508 - INFO - Epoch: 3/5, Iter: 221/457 -- train_loss: 0.5347 
2026-10-03 04:53:28,769 - INFO - Epoch: 3/5, Iter: 222/457 -- train_loss: 0.7178 
2026-10-03 04:53:29,971 - INFO - Epoch: 3/5, Iter: 223/457 -- train_loss: 0.2269 
2026-10-03 04:53:30,238 - INFO - Epoch: 3/5, Iter: 224/457 -- train_loss: 0.7773 
2026-10-03 04:53:30,498 - INFO - Epoch: 3/5, Iter: 225/457 -- train_loss: 0.5845 
2026-10-03 04:53:31,339 - INFO - Epoch: 3/5, Iter: 226/457 -- train_loss: 0.5752 
2026-10-03 04:53:31,848 - INFO - Epoch: 3/5, Iter: 227/457 -- train_loss: 0.8564 
2026-10-03 04:53:32,320 - INFO - Epoch: 3/5, Iter: 228/457 -- train_loss: 0.8438 
2026-10-03 04:53:32,655 - INFO - Epoch: 3/5, Iter: 229/457 -- train_loss: 0.7993 
2026-10-03 04:53:33,270 - INFO - Epoch: 3/5, Iter: 230/457 -- train_loss: 0.8770 
2026-10-03 04:53:33,944 - INFO - Epoch: 3/5, Iter: 231/457 -- train_loss: 0.8438 
2026-10-03 04:53:35,049 - INFO - Epoch: 3/5, Iter: 232/457 -- train_loss: 0.4541 
2026-10-03 04:53:35,299 - INFO - Epoch: 3/5, Iter: 233/457 -- train_loss: 0.6064 
2026-10-03 04:53:35,500 - INFO - Epoch: 3/5, Iter: 234/457 -- train_loss: 0.2778 
2026-10-03 04:53:37,462 - INFO - Epoch: 3/5, Iter: 235/457 -- train_loss: 0.5796 
2026-10-03 04:53:37,715 - INFO - Epoch: 3/5, Iter: 236/457 -- train_loss: 0.5215 
2026-10-03 04:53:37,962 - INFO - Epoch: 3/5, Iter: 237/457 -- train_loss: 0.5264 
2026-10-03 04:53:38,225 - INFO - Epoch: 3/5, Iter: 238/457 -- train_loss: 0.5737 
2026-10-03 04:53:41,700 - INFO - Epoch: 3/5, Iter: 239/457 -- train_loss: 0.8623 
2026-10-03 04:53:41,958 - INFO - Epoch: 3/5, Iter: 240/457 -- train_loss: 0.8989 
2026-10-03 04:53:42,203 - INFO - Epoch: 3/5, Iter: 241/457 -- train_loss: 0.5688 
2026-10-03 04:53:42,459 - INFO - Epoch: 3/5, Iter: 242/457 -- train_loss: 0.8013 
2026-10-03 04:53:43,183 - INFO - Epoch: 3/5, Iter: 243/457 -- train_loss: 0.7983 
2026-10-03 04:53:43,425 - INFO - Epoch: 3/5, Iter: 244/457 -- train_loss: 0.6577 
2026-10-03 04:53:43,687 - INFO - Epoch: 3/5, Iter: 245/457 -- train_loss: 0.7910 
2026-10-03 04:53:43,945 - INFO - Epoch: 3/5, Iter: 246/457 -- train_loss: 0.4390 
2026-10-03 04:53:47,202 - INFO - Epoch: 3/5, Iter: 247/457 -- train_loss: 0.7109 
2026-10-03 04:53:47,461 - INFO - Epoch: 3/5, Iter: 248/457 -- train_loss: 0.8872 
2026-10-03 04:53:47,706 - INFO - Epoch: 3/5, Iter: 249/457 -- train_loss: 0.6465 
2026-10-03 04:53:47,953 - INFO - Epoch: 3/5, Iter: 250/457 -- train_loss: 0.6128 
2026-10-03 04:53:48,998 - INFO - Epoch: 3/5, Iter: 251/457 -- train_loss: 0.7588 
2026-10-03 04:53:49,192 - INFO - Epoch: 3/5, Iter: 252/457 -- train_loss: 0.2600 
2026-10-03 04:53:49,446 - INFO - Epoch: 3/5, Iter: 253/457 -- train_loss: 0.7163 
2026-10-03 04:53:49,688 - INFO - Epoch: 3/5, Iter: 254/457 -- train_loss: 0.6108 
2026-10-03 04:53:50,730 - INFO - Epoch: 3/5, Iter: 255/457 -- train_loss: 0.9062 
2026-10-03 04:53:50,994 - INFO - Epoch: 3/5, Iter: 256/457 -- train_loss: 0.8389 
2026-10-03 04:53:51,255 - INFO - Epoch: 3/5, Iter: 257/457 -- train_loss: 0.7549 
2026-10-03 04:53:51,516 - INFO - Epoch: 3/5, Iter: 258/457 -- train_loss: 0.6558 
2026-10-03 04:53:54,918 - INFO - Epoch: 3/5, Iter: 259/457 -- train_loss: 0.5479 
2026-10-03 04:53:55,168 - INFO - Epoch: 3/5, Iter: 260/457 -- train_loss: 0.5942 
2026-10-03 04:53:55,360 - INFO - Epoch: 3/5, Iter: 261/457 -- train_loss: 0.2144 
2026-10-03 04:53:55,618 - INFO - Epoch: 3/5, Iter: 262/457 -- train_loss: 0.7539 
2026-10-03 04:53:58,439 - INFO - Epoch: 3/5, Iter: 263/457 -- train_loss: 0.5225 
2026-10-03 04:53:58,684 - INFO - Epoch: 3/5, Iter: 264/457 -- train_loss: 0.6943 
2026-10-03 04:53:58,941 - INFO - Epoch: 3/5, Iter: 265/457 -- train_loss: 0.9077 
2026-10-03 04:53:59,139 - INFO - Epoch: 3/5, Iter: 266/457 -- train_loss: 0.2083 
2026-10-03 04:54:01,366 - INFO - Epoch: 3/5, Iter: 267/457 -- train_loss: 0.7725 
2026-10-03 04:54:01,624 - INFO - Epoch: 3/5, Iter: 268/457 -- train_loss: 0.8320 
2026-10-03 04:54:01,813 - INFO - Epoch: 3/5, Iter: 269/457 -- train_loss: 0.1860 
2026-10-03 04:54:02,065 - INFO - Epoch: 3/5, Iter: 270/457 -- train_loss: 0.8130 
2026-10-03 04:54:04,785 - INFO - Epoch: 3/5, Iter: 271/457 -- train_loss: 0.1948 
2026-10-03 04:54:05,036 - INFO - Epoch: 3/5, Iter: 272/457 -- train_loss: 0.7344 
2026-10-03 04:54:05,289 - INFO - Epoch: 3/5, Iter: 273/457 -- train_loss: 0.7837 
2026-10-03 04:54:05,536 - INFO - Epoch: 3/5, Iter: 274/457 -- train_loss: 0.5586 
2026-10-03 04:54:07,338 - INFO - Epoch: 3/5, Iter: 275/457 -- train_loss: 0.7783 
2026-10-03 04:54:07,533 - INFO - Epoch: 3/5, Iter: 276/457 -- train_loss: 0.1979 
2026-10-03 04:54:07,787 - INFO - Epoch: 3/5, Iter: 277/457 -- train_loss: 0.7988 
2026-10-03 04:54:08,035 - INFO - Epoch: 3/5, Iter: 278/457 -- train_loss: 0.5728 
2026-10-03 04:54:09,952 - INFO - Epoch: 3/5, Iter: 279/457 -- train_loss: 1.1084 
2026-10-03 04:54:10,152 - INFO - Epoch: 3/5, Iter: 280/457 -- train_loss: 0.2015 
2026-10-03 04:54:10,397 - INFO - Epoch: 3/5, Iter: 281/457 -- train_loss: 0.7451 
2026-10-03 04:54:10,654 - INFO - Epoch: 3/5, Iter: 282/457 -- train_loss: 0.8525 
2026-10-03 04:54:13,136 - INFO - Epoch: 3/5, Iter: 283/457 -- train_loss: 0.6699 
2026-10-03 04:54:13,327 - INFO - Epoch: 3/5, Iter: 284/457 -- train_loss: 0.1982 
2026-10-03 04:54:13,571 - INFO - Epoch: 3/5, Iter: 285/457 -- train_loss: 0.6289 
2026-10-03 04:54:13,819 - INFO - Epoch: 3/5, Iter: 286/457 -- train_loss: 0.4463 
2026-10-03 04:54:16,641 - INFO - Epoch: 3/5, Iter: 287/457 -- train_loss: 0.6655 
2026-10-03 04:54:16,839 - INFO - Epoch: 3/5, Iter: 288/457 -- train_loss: 0.1603 
2026-10-03 04:54:17,088 - INFO - Epoch: 3/5, Iter: 289/457 -- train_loss: 0.6597 
2026-10-03 04:54:17,348 - INFO - Epoch: 3/5, Iter: 290/457 -- train_loss: 0.6479 
2026-10-03 04:54:18,193 - INFO - Epoch: 3/5, Iter: 291/457 -- train_loss: 0.8438 
2026-10-03 04:54:18,443 - INFO - Epoch: 3/5, Iter: 292/457 -- train_loss: 0.5566 
2026-10-03 04:54:18,703 - INFO - Epoch: 3/5, Iter: 293/457 -- train_loss: 0.8384 
2026-10-03 04:54:18,951 - INFO - Epoch: 3/5, Iter: 294/457 -- train_loss: 0.6294 
2026-10-03 04:54:20,565 - INFO - Epoch: 3/5, Iter: 295/457 -- train_loss: 0.1665 
2026-10-03 04:54:20,820 - INFO - Epoch: 3/5, Iter: 296/457 -- train_loss: 0.8496 
2026-10-03 04:54:21,014 - INFO - Epoch: 3/5, Iter: 297/457 -- train_loss: 0.1692 
2026-10-03 04:54:21,273 - INFO - Epoch: 3/5, Iter: 298/457 -- train_loss: 0.8477 
2026-10-03 04:54:21,977 - INFO - Epoch: 3/5, Iter: 299/457 -- train_loss: 0.1766 
2026-10-03 04:54:22,228 - INFO - Epoch: 3/5, Iter: 300/457 -- train_loss: 0.8184 
2026-10-03 04:54:22,490 - INFO - Epoch: 3/5, Iter: 301/457 -- train_loss: 0.8711 
2026-10-03 04:54:22,737 - INFO - Epoch: 3/5, Iter: 302/457 -- train_loss: 0.6479 
2026-10-03 04:54:24,105 - INFO - Epoch: 3/5, Iter: 303/457 -- train_loss: 0.8857 
2026-10-03 04:54:25,614 - INFO - Epoch: 3/5, Iter: 304/457 -- train_loss: 0.8833 
2026-10-03 04:54:25,874 - INFO - Epoch: 3/5, Iter: 305/457 -- train_loss: 0.7622 
2026-10-03 04:54:26,132 - INFO - Epoch: 3/5, Iter: 306/457 -- train_loss: 0.8413 
2026-10-03 04:54:26,399 - INFO - Epoch: 3/5, Iter: 307/457 -- train_loss: 0.7554 
2026-10-03 04:54:27,202 - INFO - Epoch: 3/5, Iter: 308/457 -- train_loss: 0.3108 
2026-10-03 04:54:28,024 - INFO - Epoch: 3/5, Iter: 309/457 -- train_loss: 0.7236 
2026-10-03 04:54:28,275 - INFO - Epoch: 3/5, Iter: 310/457 -- train_loss: 0.5757 
2026-10-03 04:54:28,532 - INFO - Epoch: 3/5, Iter: 311/457 -- train_loss: 0.7354 
2026-10-03 04:54:29,767 - INFO - Epoch: 3/5, Iter: 312/457 -- train_loss: 0.5156 
2026-10-03 04:54:30,070 - INFO - Epoch: 3/5, Iter: 313/457 -- train_loss: 0.2096 
2026-10-03 04:54:31,142 - INFO - Epoch: 3/5, Iter: 314/457 -- train_loss: 0.7588 
2026-10-03 04:54:31,392 - INFO - Epoch: 3/5, Iter: 315/457 -- train_loss: 0.5752 
2026-10-03 04:54:32,720 - INFO - Epoch: 3/5, Iter: 316/457 -- train_loss: 0.8027 
2026-10-03 04:54:32,968 - INFO - Epoch: 3/5, Iter: 317/457 -- train_loss: 0.5986 
2026-10-03 04:54:33,350 - INFO - Epoch: 3/5, Iter: 318/457 -- train_loss: 0.1812 
2026-10-03 04:54:33,539 - INFO - Epoch: 3/5, Iter: 319/457 -- train_loss: 0.1644 
2026-10-03 04:54:35,936 - INFO - Epoch: 3/5, Iter: 320/457 -- train_loss: 0.9351 
2026-10-03 04:54:36,184 - INFO - Epoch: 3/5, Iter: 321/457 -- train_loss: 0.4219 
2026-10-03 04:54:36,440 - INFO - Epoch: 3/5, Iter: 322/457 -- train_loss: 0.6445 
2026-10-03 04:54:36,632 - INFO - Epoch: 3/5, Iter: 323/457 -- train_loss: 0.1378 
2026-10-03 04:54:38,318 - INFO - Epoch: 3/5, Iter: 324/457 -- train_loss: 0.7637 
2026-10-03 04:54:38,580 - INFO - Epoch: 3/5, Iter: 325/457 -- train_loss: 0.8589 
2026-10-03 04:54:38,840 - INFO - Epoch: 3/5, Iter: 326/457 -- train_loss: 0.7700 
2026-10-03 04:54:39,091 - INFO - Epoch: 3/5, Iter: 327/457 -- train_loss: 0.6338 
2026-10-03 04:54:41,643 - INFO - Epoch: 3/5, Iter: 328/457 -- train_loss: 0.7827 
2026-10-03 04:54:41,902 - INFO - Epoch: 3/5, Iter: 329/457 -- train_loss: 0.5396 
2026-10-03 04:54:42,099 - INFO - Epoch: 3/5, Iter: 330/457 -- train_loss: 0.2192 
2026-10-03 04:54:42,355 - INFO - Epoch: 3/5, Iter: 331/457 -- train_loss: 0.6982 
2026-10-03 04:54:44,809 - INFO - Epoch: 3/5, Iter: 332/457 -- train_loss: 0.7651 
2026-10-03 04:54:45,064 - INFO - Epoch: 3/5, Iter: 333/457 -- train_loss: 0.9092 
2026-10-03 04:54:45,309 - INFO - Epoch: 3/5, Iter: 334/457 -- train_loss: 0.7607 
2026-10-03 04:54:45,555 - INFO - Epoch: 3/5, Iter: 335/457 -- train_loss: 0.6050 
2026-10-03 04:54:48,087 - INFO - Epoch: 3/5, Iter: 336/457 -- train_loss: 0.2181 
2026-10-03 04:54:48,347 - INFO - Epoch: 3/5, Iter: 337/457 -- train_loss: 0.8457 
2026-10-03 04:54:48,599 - INFO - Epoch: 3/5, Iter: 338/457 -- train_loss: 0.7324 
2026-10-03 04:54:48,852 - INFO - Epoch: 3/5, Iter: 339/457 -- train_loss: 0.7969 
2026-10-03 04:54:49,633 - INFO - Epoch: 3/5, Iter: 340/457 -- train_loss: 0.7305 
2026-10-03 04:54:49,825 - INFO - Epoch: 3/5, Iter: 341/457 -- train_loss: 0.2158 
2026-10-03 04:54:50,015 - INFO - Epoch: 3/5, Iter: 342/457 -- train_loss: 0.2135 
2026-10-03 04:54:50,260 - INFO - Epoch: 3/5, Iter: 343/457 -- train_loss: 0.6807 
2026-10-03 04:54:51,546 - INFO - Epoch: 3/5, Iter: 344/457 -- train_loss: 0.5889 
2026-10-03 04:54:51,794 - INFO - Epoch: 3/5, Iter: 345/457 -- train_loss: 0.6914 
2026-10-03 04:54:52,068 - INFO - Epoch: 3/5, Iter: 346/457 -- train_loss: 0.8877 
2026-10-03 04:54:52,329 - INFO - Epoch: 3/5, Iter: 347/457 -- train_loss: 0.7881 
2026-10-03 04:54:52,892 - INFO - Epoch: 3/5, Iter: 348/457 -- train_loss: 0.7974 
2026-10-03 04:54:53,137 - INFO - Epoch: 3/5, Iter: 349/457 -- train_loss: 0.5874 
2026-10-03 04:54:53,330 - INFO - Epoch: 3/5, Iter: 350/457 -- train_loss: 0.2349 
2026-10-03 04:54:53,587 - INFO - Epoch: 3/5, Iter: 351/457 -- train_loss: 0.5781 
2026-10-03 04:54:55,799 - INFO - Epoch: 3/5, Iter: 352/457 -- train_loss: 0.4895 
2026-10-03 04:54:56,048 - INFO - Epoch: 3/5, Iter: 353/457 -- train_loss: 0.4355 
2026-10-03 04:54:56,331 - INFO - Epoch: 3/5, Iter: 354/457 -- train_loss: 0.8052 
2026-10-03 04:54:56,580 - INFO - Epoch: 3/5, Iter: 355/457 -- train_loss: 0.6919 
2026-10-03 04:55:00,106 - INFO - Epoch: 3/5, Iter: 356/457 -- train_loss: 0.6846 
2026-10-03 04:55:00,369 - INFO - Epoch: 3/5, Iter: 357/457 -- train_loss: 0.5898 
2026-10-03 04:55:00,621 - INFO - Epoch: 3/5, Iter: 358/457 -- train_loss: 0.5576 
2026-10-03 04:55:00,815 - INFO - Epoch: 3/5, Iter: 359/457 -- train_loss: 0.1693 
2026-10-03 04:55:01,050 - INFO - Epoch: 3/5, Iter: 360/457 -- train_loss: 0.1586 
2026-10-03 04:55:01,298 - INFO - Epoch: 3/5, Iter: 361/457 -- train_loss: 0.4792 
2026-10-03 04:55:01,883 - INFO - Epoch: 3/5, Iter: 362/457 -- train_loss: 0.6689 
2026-10-03 04:55:02,076 - INFO - Epoch: 3/5, Iter: 363/457 -- train_loss: 0.1261 
2026-10-03 04:55:03,168 - INFO - Epoch: 3/5, Iter: 364/457 -- train_loss: 0.1230 
2026-10-03 04:55:04,058 - INFO - Epoch: 3/5, Iter: 365/457 -- train_loss: 0.7168 
2026-10-03 04:55:04,491 - INFO - Epoch: 3/5, Iter: 366/457 -- train_loss: 0.5645 
2026-10-03 04:55:04,752 - INFO - Epoch: 3/5, Iter: 367/457 -- train_loss: 0.8071 
2026-10-03 04:55:05,646 - INFO - Epoch: 3/5, Iter: 368/457 -- train_loss: 0.1318 
2026-10-03 04:55:05,894 - INFO - Epoch: 3/5, Iter: 369/457 -- train_loss: 0.8013 
2026-10-03 04:55:06,265 - INFO - Epoch: 3/5, Iter: 370/457 -- train_loss: 0.1227 
2026-10-03 04:55:06,458 - INFO - Epoch: 3/5, Iter: 371/457 -- train_loss: 0.1169 
2026-10-03 04:55:07,508 - INFO - Epoch: 3/5, Iter: 372/457 -- train_loss: 0.7163 
2026-10-03 04:55:07,773 - INFO - Epoch: 3/5, Iter: 373/457 -- train_loss: 0.8545 
2026-10-03 04:55:09,713 - INFO - Epoch: 3/5, Iter: 374/457 -- train_loss: 0.5640 
2026-10-03 04:55:09,909 - INFO - Epoch: 3/5, Iter: 375/457 -- train_loss: 0.1365 
2026-10-03 04:55:10,156 - INFO - Epoch: 3/5, Iter: 376/457 -- train_loss: 0.6514 
2026-10-03 04:55:10,401 - INFO - Epoch: 3/5, Iter: 377/457 -- train_loss: 0.4844 
2026-10-03 04:55:11,605 - INFO - Epoch: 3/5, Iter: 378/457 -- train_loss: 0.7637 
2026-10-03 04:55:11,850 - INFO - Epoch: 3/5, Iter: 379/457 -- train_loss: 0.6235 
2026-10-03 04:55:12,096 - INFO - Epoch: 3/5, Iter: 380/457 -- train_loss: 0.5649 
2026-10-03 04:55:12,294 - INFO - Epoch: 3/5, Iter: 381/457 -- train_loss: 0.1670 
2026-10-03 04:55:14,094 - INFO - Epoch: 3/5, Iter: 382/457 -- train_loss: 0.8613 
2026-10-03 04:55:14,363 - INFO - Epoch: 3/5, Iter: 383/457 -- train_loss: 0.8296 
2026-10-03 04:55:14,619 - INFO - Epoch: 3/5, Iter: 384/457 -- train_loss: 0.6338 
2026-10-03 04:55:14,882 - INFO - Epoch: 3/5, Iter: 385/457 -- train_loss: 0.5723 
2026-10-03 04:55:15,580 - INFO - Epoch: 3/5, Iter: 386/457 -- train_loss: 0.9463 
2026-10-03 04:55:17,421 - INFO - Epoch: 3/5, Iter: 387/457 -- train_loss: 0.8091 
2026-10-03 04:55:17,674 - INFO - Epoch: 3/5, Iter: 388/457 -- train_loss: 0.8086 
2026-10-03 04:55:17,921 - INFO - Epoch: 3/5, Iter: 389/457 -- train_loss: 0.5010 
2026-10-03 04:55:18,134 - INFO - Epoch: 3/5, Iter: 390/457 -- train_loss: 0.2120 
2026-10-03 04:55:20,298 - INFO - Epoch: 3/5, Iter: 391/457 -- train_loss: 0.7534 
2026-10-03 04:55:20,544 - INFO - Epoch: 3/5, Iter: 392/457 -- train_loss: 0.6230 
2026-10-03 04:55:20,748 - INFO - Epoch: 3/5, Iter: 393/457 -- train_loss: 0.2018 
2026-10-03 04:55:23,127 - INFO - Epoch: 3/5, Iter: 394/457 -- train_loss: 0.6172 
2026-10-03 04:55:23,318 - INFO - Epoch: 3/5, Iter: 395/457 -- train_loss: 0.1617 
2026-10-03 04:55:23,517 - INFO - Epoch: 3/5, Iter: 396/457 -- train_loss: 0.1516 
2026-10-03 04:55:23,710 - INFO - Epoch: 3/5, Iter: 397/457 -- train_loss: 0.1365 
2026-10-03 04:55:25,505 - INFO - Epoch: 3/5, Iter: 398/457 -- train_loss: 0.5679 
2026-10-03 04:55:25,754 - INFO - Epoch: 3/5, Iter: 399/457 -- train_loss: 0.5693 
2026-10-03 04:55:26,001 - INFO - Epoch: 3/5, Iter: 400/457 -- train_loss: 0.7114 
2026-10-03 04:55:26,244 - INFO - Epoch: 3/5, Iter: 401/457 -- train_loss: 0.7666 
2026-10-03 04:55:27,784 - INFO - Epoch: 3/5, Iter: 402/457 -- train_loss: 0.7764 
2026-10-03 04:55:27,980 - INFO - Epoch: 3/5, Iter: 403/457 -- train_loss: 0.1211 
2026-10-03 04:55:28,222 - INFO - Epoch: 3/5, Iter: 404/457 -- train_loss: 0.6855 
2026-10-03 04:55:28,479 - INFO - Epoch: 3/5, Iter: 405/457 -- train_loss: 0.8101 
2026-10-03 04:55:30,766 - INFO - Epoch: 3/5, Iter: 406/457 -- train_loss: 0.1270 
2026-10-03 04:55:31,013 - INFO - Epoch: 3/5, Iter: 407/457 -- train_loss: 0.6699 
2026-10-03 04:55:31,261 - INFO - Epoch: 3/5, Iter: 408/457 -- train_loss: 0.5571 
2026-10-03 04:55:31,454 - INFO - Epoch: 3/5, Iter: 409/457 -- train_loss: 0.1393 
2026-10-03 04:55:32,948 - INFO - Epoch: 3/5, Iter: 410/457 -- train_loss: 0.9673 
2026-10-03 04:55:33,145 - INFO - Epoch: 3/5, Iter: 411/457 -- train_loss: 0.1451 
2026-10-03 04:55:33,401 - INFO - Epoch: 3/5, Iter: 412/457 -- train_loss: 0.8433 
2026-10-03 04:55:33,651 - INFO - Epoch: 3/5, Iter: 413/457 -- train_loss: 0.5698 
2026-10-03 04:55:35,430 - INFO - Epoch: 3/5, Iter: 414/457 -- train_loss: 0.8521 
2026-10-03 04:55:35,674 - INFO - Epoch: 3/5, Iter: 415/457 -- train_loss: 0.5796 
2026-10-03 04:55:35,866 - INFO - Epoch: 3/5, Iter: 416/457 -- train_loss: 0.1639 
2026-10-03 04:55:36,125 - INFO - Epoch: 3/5, Iter: 417/457 -- train_loss: 0.7803 
2026-10-03 04:55:39,204 - INFO - Epoch: 3/5, Iter: 418/457 -- train_loss: 0.7954 
2026-10-03 04:55:39,450 - INFO - Epoch: 3/5, Iter: 419/457 -- train_loss: 0.5942 
2026-10-03 04:55:39,701 - INFO - Epoch: 3/5, Iter: 420/457 -- train_loss: 0.7842 
2026-10-03 04:55:39,962 - INFO - Epoch: 3/5, Iter: 421/457 -- train_loss: 0.8105 
2026-10-03 04:55:41,400 - INFO - Epoch: 3/5, Iter: 422/457 -- train_loss: 0.6694 
2026-10-03 04:55:41,654 - INFO - Epoch: 3/5, Iter: 423/457 -- train_loss: 0.6318 
2026-10-03 04:55:41,913 - INFO - Epoch: 3/5, Iter: 424/457 -- train_loss: 0.8164 
2026-10-03 04:55:42,110 - INFO - Epoch: 3/5, Iter: 425/457 -- train_loss: 0.3030 
2026-10-03 04:55:43,817 - INFO - Epoch: 3/5, Iter: 426/457 -- train_loss: 0.7720 
2026-10-03 04:55:44,069 - INFO - Epoch: 3/5, Iter: 427/457 -- train_loss: 0.6709 
2026-10-03 04:55:44,324 - INFO - Epoch: 3/5, Iter: 428/457 -- train_loss: 0.7998 
2026-10-03 04:55:44,576 - INFO - Epoch: 3/5, Iter: 429/457 -- train_loss: 0.5576 
2026-10-03 04:55:47,576 - INFO - Epoch: 3/5, Iter: 430/457 -- train_loss: 0.5220 
2026-10-03 04:55:47,834 - INFO - Epoch: 3/5, Iter: 431/457 -- train_loss: 0.8130 
2026-10-03 04:55:48,088 - INFO - Epoch: 3/5, Iter: 432/457 -- train_loss: 0.6631 
2026-10-03 04:55:48,280 - INFO - Epoch: 3/5, Iter: 433/457 -- train_loss: 0.2004 
2026-10-03 04:55:49,253 - INFO - Epoch: 3/5, Iter: 434/457 -- train_loss: 0.5820 
2026-10-03 04:55:49,503 - INFO - Epoch: 3/5, Iter: 435/457 -- train_loss: 0.6006 
2026-10-03 04:55:49,748 - INFO - Epoch: 3/5, Iter: 436/457 -- train_loss: 0.5698 
2026-10-03 04:55:49,947 - INFO - Epoch: 3/5, Iter: 437/457 -- train_loss: 0.1586 
2026-10-03 04:55:51,797 - INFO - Epoch: 3/5, Iter: 438/457 -- train_loss: 0.5923 
2026-10-03 04:55:52,052 - INFO - Epoch: 3/5, Iter: 439/457 -- train_loss: 0.7671 
2026-10-03 04:55:52,301 - INFO - Epoch: 3/5, Iter: 440/457 -- train_loss: 0.6274 
2026-10-03 04:55:52,555 - INFO - Epoch: 3/5, Iter: 441/457 -- train_loss: 0.8481 
2026-10-03 04:55:53,811 - INFO - Epoch: 3/5, Iter: 442/457 -- train_loss: 0.7559 
2026-10-03 04:55:54,055 - INFO - Epoch: 3/5, Iter: 443/457 -- train_loss: 0.6055 
2026-10-03 04:55:54,244 - INFO - Epoch: 3/5, Iter: 444/457 -- train_loss: 0.2144 
2026-10-03 04:55:54,519 - INFO - Epoch: 3/5, Iter: 445/457 -- train_loss: 0.7534 
2026-10-03 04:55:55,704 - INFO - Epoch: 3/5, Iter: 446/457 -- train_loss: 0.7969 
2026-10-03 04:55:55,895 - INFO - Epoch: 3/5, Iter: 447/457 -- train_loss: 0.2224 
2026-10-03 04:55:56,095 - INFO - Epoch: 3/5, Iter: 448/457 -- train_loss: 0.2080 
2026-10-03 04:55:57,536 - INFO - Epoch: 3/5, Iter: 449/457 -- train_loss: 0.6494 
2026-10-03 04:55:59,546 - INFO - Epoch: 3/5, Iter: 450/457 -- train_loss: 0.1738 
2026-10-03 04:55:59,805 - INFO - Epoch: 3/5, Iter: 451/457 -- train_loss: 0.8745 
2026-10-03 04:55:59,999 - INFO - Epoch: 3/5, Iter: 452/457 -- train_loss: 0.1414 
2026-10-03 04:56:00,863 - INFO - Epoch: 3/5, Iter: 453/457 -- train_loss: 0.7388 
2026-10-03 04:56:01,115 - INFO - Epoch: 3/5, Iter: 454/457 -- train_loss: 0.5269 
2026-10-03 04:56:01,376 - INFO - Epoch: 3/5, Iter: 455/457 -- train_loss: 0.8545 
2026-10-03 04:56:01,621 - INFO - Epoch: 3/5, Iter: 456/457 -- train_loss: 0.6406 
2026-10-03 04:56:02,619 - INFO - Epoch: 3/5, Iter: 457/457 -- train_loss: 0.1411 
2026-10-03 04:56:02,622 - ignite.engine.engine.DetectionTrainer - INFO - Current learning rate: 0.0004
2026-10-03 04:56:02,622 - ignite.engine.engine.DetectionEvaluator - INFO - Engine run resuming from iteration 0, epoch 2 until 3 epochs
2026-10-03 04:57:52,766 - root - INFO - Start COCO metric computation...
2026-10-03 04:57:52,771 - root - INFO - Statistics for COCO metrics finished (t=0.00s).
2026-10-03 04:57:52,772 - root - INFO - COCO metrics computed in t=0.01s.
2026-10-03 04:57:52,773 - ignite.engine.engine.DetectionEvaluator - INFO - Got new best metric of val_coco: 0.03506380448074821
2026-10-03 04:57:52,773 - INFO - Epoch[3] Metrics -- val_coco: 0.0351 
2026-10-03 04:57:52,774 - INFO - Key metric: val_coco best value: 0.03506380448074821 at epoch: 3
2026-10-03 04:57:52,969 - ignite.engine.engine.DetectionEvaluator - INFO - Epoch[3] Complete. Time taken: 00:01:50.153
2026-10-03 04:57:52,969 - ignite.engine.engine.DetectionEvaluator - INFO - Engine run complete. Time taken: 00:01:50.347
2026-10-03 04:57:52,990 - ignite.engine.engine.DetectionTrainer - INFO - Epoch[3] Complete. Time taken: 00:06:44.889
2026-10-03 04:57:57,768 - INFO - Epoch: 4/5, Iter: 1/457 -- train_loss: 0.7402 
2026-10-03 04:57:57,963 - INFO - Epoch: 4/5, Iter: 2/457 -- train_loss: 0.1689 
2026-10-03 04:57:58,154 - INFO - Epoch: 4/5, Iter: 3/457 -- train_loss: 0.1399 
2026-10-03 04:57:58,427 - INFO - Epoch: 4/5, Iter: 4/457 -- train_loss: 0.8857 
2026-10-03 04:58:00,781 - INFO - Epoch: 4/5, Iter: 5/457 -- train_loss: 0.7085 
2026-10-03 04:58:00,970 - INFO - Epoch: 4/5, Iter: 6/457 -- train_loss: 0.1492 
2026-10-03 04:58:01,213 - INFO - Epoch: 4/5, Iter: 7/457 -- train_loss: 0.6328 
2026-10-03 04:58:01,466 - INFO - Epoch: 4/5, Iter: 8/457 -- train_loss: 0.8320 
2026-10-03 04:58:04,480 - INFO - Epoch: 4/5, Iter: 9/457 -- train_loss: 0.8447 
2026-10-03 04:58:04,736 - INFO - Epoch: 4/5, Iter: 10/457 -- train_loss: 0.8823 
2026-10-03 04:58:04,989 - INFO - Epoch: 4/5, Iter: 11/457 -- train_loss: 0.8467 
2026-10-03 04:58:05,251 - INFO - Epoch: 4/5, Iter: 12/457 -- train_loss: 0.7871 
2026-10-03 04:58:07,539 - INFO - Epoch: 4/5, Iter: 13/457 -- train_loss: 0.7251 
2026-10-03 04:58:07,791 - INFO - Epoch: 4/5, Iter: 14/457 -- train_loss: 0.9375 
2026-10-03 04:58:08,033 - INFO - Epoch: 4/5, Iter: 15/457 -- train_loss: 0.5469 
2026-10-03 04:58:08,229 - INFO - Epoch: 4/5, Iter: 16/457 -- train_loss: 0.3025 
2026-10-03 04:58:11,126 - INFO - Epoch: 4/5, Iter: 17/457 -- train_loss: 0.2839 
2026-10-03 04:58:11,315 - INFO - Epoch: 4/5, Iter: 18/457 -- train_loss: 0.1976 
2026-10-03 04:58:11,558 - INFO - Epoch: 4/5, Iter: 19/457 -- train_loss: 0.8389 
2026-10-03 04:58:11,749 - INFO - Epoch: 4/5, Iter: 20/457 -- train_loss: 0.1360 
2026-10-03 04:58:12,944 - INFO - Epoch: 4/5, Iter: 21/457 -- train_loss: 0.1299 
2026-10-03 04:58:13,133 - INFO - Epoch: 4/5, Iter: 22/457 -- train_loss: 0.1071 
2026-10-03 04:58:13,393 - INFO - Epoch: 4/5, Iter: 23/457 -- train_loss: 0.8501 
2026-10-03 04:58:13,649 - INFO - Epoch: 4/5, Iter: 24/457 -- train_loss: 0.7080 
2026-10-03 04:58:15,437 - INFO - Epoch: 4/5, Iter: 25/457 -- train_loss: 0.7222 
2026-10-03 04:58:15,685 - INFO - Epoch: 4/5, Iter: 26/457 -- train_loss: 0.5864 
2026-10-03 04:58:15,928 - INFO - Epoch: 4/5, Iter: 27/457 -- train_loss: 0.9395 
2026-10-03 04:58:16,118 - INFO - Epoch: 4/5, Iter: 28/457 -- train_loss: 0.0837 
2026-10-03 04:58:17,043 - INFO - Epoch: 4/5, Iter: 29/457 -- train_loss: 0.9258 
2026-10-03 04:58:17,237 - INFO - Epoch: 4/5, Iter: 30/457 -- train_loss: 0.0883 
2026-10-03 04:58:17,528 - INFO - Epoch: 4/5, Iter: 31/457 -- train_loss: 0.4619 
2026-10-03 04:58:17,773 - INFO - Epoch: 4/5, Iter: 32/457 -- train_loss: 0.7515 
2026-10-03 04:58:20,164 - INFO - Epoch: 4/5, Iter: 33/457 -- train_loss: 0.7920 
2026-10-03 04:58:20,427 - INFO - Epoch: 4/5, Iter: 34/457 -- train_loss: 0.8647 
2026-10-03 04:58:20,679 - INFO - Epoch: 4/5, Iter: 35/457 -- train_loss: 0.5176 
2026-10-03 04:58:20,922 - INFO - Epoch: 4/5, Iter: 36/457 -- train_loss: 0.5869 
2026-10-03 04:58:21,540 - INFO - Epoch: 4/5, Iter: 37/457 -- train_loss: 0.7544 
2026-10-03 04:58:21,796 - INFO - Epoch: 4/5, Iter: 38/457 -- train_loss: 0.7549 
2026-10-03 04:58:22,053 - INFO - Epoch: 4/5, Iter: 39/457 -- train_loss: 0.6372 
2026-10-03 04:58:22,312 - INFO - Epoch: 4/5, Iter: 40/457 -- train_loss: 0.6162 
2026-10-03 04:58:23,264 - INFO - Epoch: 4/5, Iter: 41/457 -- train_loss: 0.3347 
2026-10-03 04:58:24,144 - INFO - Epoch: 4/5, Iter: 42/457 -- train_loss: 0.6401 
2026-10-03 04:58:24,390 - INFO - Epoch: 4/5, Iter: 43/457 -- train_loss: 0.5835 
2026-10-03 04:58:24,582 - INFO - Epoch: 4/5, Iter: 44/457 -- train_loss: 0.2355 
2026-10-03 04:58:25,728 - INFO - Epoch: 4/5, Iter: 45/457 -- train_loss: 0.1646 
2026-10-03 04:58:26,688 - INFO - Epoch: 4/5, Iter: 46/457 -- train_loss: 0.5464 
2026-10-03 04:58:26,933 - INFO - Epoch: 4/5, Iter: 47/457 -- train_loss: 1.1152 
2026-10-03 04:58:27,176 - INFO - Epoch: 4/5, Iter: 48/457 -- train_loss: 0.6606 
2026-10-03 04:58:28,094 - INFO - Epoch: 4/5, Iter: 49/457 -- train_loss: 0.6660 
2026-10-03 04:58:28,731 - INFO - Epoch: 4/5, Iter: 50/457 -- train_loss: 0.6143 
2026-10-03 04:58:28,988 - INFO - Epoch: 4/5, Iter: 51/457 -- train_loss: 0.9370 
2026-10-03 04:58:29,232 - INFO - Epoch: 4/5, Iter: 52/457 -- train_loss: 0.4653 
2026-10-03 04:58:31,484 - INFO - Epoch: 4/5, Iter: 53/457 -- train_loss: 0.6865 
2026-10-03 04:58:31,955 - INFO - Epoch: 4/5, Iter: 54/457 -- train_loss: 0.4932 
2026-10-03 04:58:32,201 - INFO - Epoch: 4/5, Iter: 55/457 -- train_loss: 0.7280 
2026-10-03 04:58:32,448 - INFO - Epoch: 4/5, Iter: 56/457 -- train_loss: 0.7432 
2026-10-03 04:58:33,803 - INFO - Epoch: 4/5, Iter: 57/457 -- train_loss: 0.1472 
2026-10-03 04:58:34,050 - INFO - Epoch: 4/5, Iter: 58/457 -- train_loss: 0.6875 
2026-10-03 04:58:34,297 - INFO - Epoch: 4/5, Iter: 59/457 -- train_loss: 0.5996 
2026-10-03 04:58:34,542 - INFO - Epoch: 4/5, Iter: 60/457 -- train_loss: 0.5928 
2026-10-03 04:58:37,342 - INFO - Epoch: 4/5, Iter: 61/457 -- train_loss: 0.1825 
2026-10-03 04:58:37,532 - INFO - Epoch: 4/5, Iter: 62/457 -- train_loss: 0.1729 
2026-10-03 04:58:37,773 - INFO - Epoch: 4/5, Iter: 63/457 -- train_loss: 0.5674 
2026-10-03 04:58:38,025 - INFO - Epoch: 4/5, Iter: 64/457 -- train_loss: 0.7778 
2026-10-03 04:58:40,571 - INFO - Epoch: 4/5, Iter: 65/457 -- train_loss: 0.5923 
2026-10-03 04:58:40,762 - INFO - Epoch: 4/5, Iter: 66/457 -- train_loss: 0.1531 
2026-10-03 04:58:41,006 - INFO - Epoch: 4/5, Iter: 67/457 -- train_loss: 0.4922 
2026-10-03 04:58:41,248 - INFO - Epoch: 4/5, Iter: 68/457 -- train_loss: 0.6353 
2026-10-03 04:58:42,436 - INFO - Epoch: 4/5, Iter: 69/457 -- train_loss: 0.7944 
2026-10-03 04:58:42,680 - INFO - Epoch: 4/5, Iter: 70/457 -- train_loss: 0.5586 
2026-10-03 04:58:42,871 - INFO - Epoch: 4/5, Iter: 71/457 -- train_loss: 0.1571 
2026-10-03 04:58:43,115 - INFO - Epoch: 4/5, Iter: 72/457 -- train_loss: 0.6172 
2026-10-03 04:58:44,193 - INFO - Epoch: 4/5, Iter: 73/457 -- train_loss: 0.5879 
2026-10-03 04:58:44,436 - INFO - Epoch: 4/5, Iter: 74/457 -- train_loss: 0.9312 
2026-10-03 04:58:44,680 - INFO - Epoch: 4/5, Iter: 75/457 -- train_loss: 0.4385 
2026-10-03 04:58:44,870 - INFO - Epoch: 4/5, Iter: 76/457 -- train_loss: 0.1265 
2026-10-03 04:58:46,384 - INFO - Epoch: 4/5, Iter: 77/457 -- train_loss: 0.7856 
2026-10-03 04:58:46,626 - INFO - Epoch: 4/5, Iter: 78/457 -- train_loss: 0.6709 
2026-10-03 04:58:46,870 - INFO - Epoch: 4/5, Iter: 79/457 -- train_loss: 0.6138 
2026-10-03 04:58:47,136 - INFO - Epoch: 4/5, Iter: 80/457 -- train_loss: 1.0723 
2026-10-03 04:58:48,728 - INFO - Epoch: 4/5, Iter: 81/457 -- train_loss: 0.8413 
2026-10-03 04:58:49,237 - INFO - Epoch: 4/5, Iter: 82/457 -- train_loss: 0.7212 
2026-10-03 04:58:49,493 - INFO - Epoch: 4/5, Iter: 83/457 -- train_loss: 0.9048 
2026-10-03 04:58:49,750 - INFO - Epoch: 4/5, Iter: 84/457 -- train_loss: 0.7910 
2026-10-03 04:58:50,599 - INFO - Epoch: 4/5, Iter: 85/457 -- train_loss: 0.2445 
2026-10-03 04:58:51,322 - INFO - Epoch: 4/5, Iter: 86/457 -- train_loss: 0.8872 
2026-10-03 04:58:51,566 - INFO - Epoch: 4/5, Iter: 87/457 -- train_loss: 0.5850 
2026-10-03 04:58:51,758 - INFO - Epoch: 4/5, Iter: 88/457 -- train_loss: 0.2578 
2026-10-03 04:58:53,975 - INFO - Epoch: 4/5, Iter: 89/457 -- train_loss: 0.7637 
2026-10-03 04:58:54,225 - INFO - Epoch: 4/5, Iter: 90/457 -- train_loss: 0.7354 
2026-10-03 04:58:54,468 - INFO - Epoch: 4/5, Iter: 91/457 -- train_loss: 0.6240 
2026-10-03 04:58:54,734 - INFO - Epoch: 4/5, Iter: 92/457 -- train_loss: 0.7021 
2026-10-03 04:58:55,935 - INFO - Epoch: 4/5, Iter: 93/457 -- train_loss: 0.7676 
2026-10-03 04:58:56,994 - INFO - Epoch: 4/5, Iter: 94/457 -- train_loss: 0.8115 
2026-10-03 04:58:57,195 - INFO - Epoch: 4/5, Iter: 95/457 -- train_loss: 0.2391 
2026-10-03 04:58:57,444 - INFO - Epoch: 4/5, Iter: 96/457 -- train_loss: 0.5137 
2026-10-03 04:58:58,338 - INFO - Epoch: 4/5, Iter: 97/457 -- train_loss: 0.7002 
2026-10-03 04:59:00,231 - INFO - Epoch: 4/5, Iter: 98/457 -- train_loss: 0.4968 
2026-10-03 04:59:00,486 - INFO - Epoch: 4/5, Iter: 99/457 -- train_loss: 0.6035 
2026-10-03 04:59:00,743 - INFO - Epoch: 4/5, Iter: 100/457 -- train_loss: 0.8633 
2026-10-03 04:59:00,988 - INFO - Epoch: 4/5, Iter: 101/457 -- train_loss: 0.5381 
2026-10-03 04:59:02,573 - INFO - Epoch: 4/5, Iter: 102/457 -- train_loss: 0.5508 
2026-10-03 04:59:02,820 - INFO - Epoch: 4/5, Iter: 103/457 -- train_loss: 0.6558 
2026-10-03 04:59:03,061 - INFO - Epoch: 4/5, Iter: 104/457 -- train_loss: 0.6055 
2026-10-03 04:59:03,305 - INFO - Epoch: 4/5, Iter: 105/457 -- train_loss: 0.5723 
2026-10-03 04:59:05,263 - INFO - Epoch: 4/5, Iter: 106/457 -- train_loss: 0.1528 
2026-10-03 04:59:05,514 - INFO - Epoch: 4/5, Iter: 107/457 -- train_loss: 0.7842 
2026-10-03 04:59:05,767 - INFO - Epoch: 4/5, Iter: 108/457 -- train_loss: 0.8491 
2026-10-03 04:59:06,010 - INFO - Epoch: 4/5, Iter: 109/457 -- train_loss: 0.5103 
2026-10-03 04:59:07,578 - INFO - Epoch: 4/5, Iter: 110/457 -- train_loss: 0.3062 
2026-10-03 04:59:07,834 - INFO - Epoch: 4/5, Iter: 111/457 -- train_loss: 0.7764 
2026-10-03 04:59:08,078 - INFO - Epoch: 4/5, Iter: 112/457 -- train_loss: 0.5278 
2026-10-03 04:59:08,323 - INFO - Epoch: 4/5, Iter: 113/457 -- train_loss: 0.5811 
2026-10-03 04:59:10,545 - INFO - Epoch: 4/5, Iter: 114/457 -- train_loss: 0.1917 
2026-10-03 04:59:10,790 - INFO - Epoch: 4/5, Iter: 115/457 -- train_loss: 0.4497 
2026-10-03 04:59:11,032 - INFO - Epoch: 4/5, Iter: 116/457 -- train_loss: 0.3965 
2026-10-03 04:59:11,223 - INFO - Epoch: 4/5, Iter: 117/457 -- train_loss: 0.1447 
2026-10-03 04:59:12,582 - INFO - Epoch: 4/5, Iter: 118/457 -- train_loss: 0.8311 
2026-10-03 04:59:12,771 - INFO - Epoch: 4/5, Iter: 119/457 -- train_loss: 0.1228 
2026-10-03 04:59:13,022 - INFO - Epoch: 4/5, Iter: 120/457 -- train_loss: 0.9790 
2026-10-03 04:59:13,265 - INFO - Epoch: 4/5, Iter: 121/457 -- train_loss: 0.5952 
2026-10-03 04:59:14,302 - INFO - Epoch: 4/5, Iter: 122/457 -- train_loss: 0.6670 
2026-10-03 04:59:14,491 - INFO - Epoch: 4/5, Iter: 123/457 -- train_loss: 0.1249 
2026-10-03 04:59:14,734 - INFO - Epoch: 4/5, Iter: 124/457 -- train_loss: 0.7437 
2026-10-03 04:59:14,978 - INFO - Epoch: 4/5, Iter: 125/457 -- train_loss: 0.6445 
2026-10-03 04:59:17,951 - INFO - Epoch: 4/5, Iter: 126/457 -- train_loss: 0.8901 
2026-10-03 04:59:18,141 - INFO - Epoch: 4/5, Iter: 127/457 -- train_loss: 0.1473 
2026-10-03 04:59:18,396 - INFO - Epoch: 4/5, Iter: 128/457 -- train_loss: 0.7930 
2026-10-03 04:59:18,641 - INFO - Epoch: 4/5, Iter: 129/457 -- train_loss: 0.5557 
2026-10-03 04:59:21,764 - INFO - Epoch: 4/5, Iter: 130/457 -- train_loss: 0.6069 
2026-10-03 04:59:22,019 - INFO - Epoch: 4/5, Iter: 131/457 -- train_loss: 0.8135 
2026-10-03 04:59:22,265 - INFO - Epoch: 4/5, Iter: 132/457 -- train_loss: 0.3938 
2026-10-03 04:59:22,462 - INFO - Epoch: 4/5, Iter: 133/457 -- train_loss: 0.2163 
2026-10-03 04:59:23,273 - INFO - Epoch: 4/5, Iter: 134/457 -- train_loss: 0.7051 
2026-10-03 04:59:23,528 - INFO - Epoch: 4/5, Iter: 135/457 -- train_loss: 0.8076 
2026-10-03 04:59:23,773 - INFO - Epoch: 4/5, Iter: 136/457 -- train_loss: 0.6045 
2026-10-03 04:59:24,017 - INFO - Epoch: 4/5, Iter: 137/457 -- train_loss: 0.6172 
2026-10-03 04:59:25,229 - INFO - Epoch: 4/5, Iter: 138/457 -- train_loss: 0.5410 
2026-10-03 04:59:25,486 - INFO - Epoch: 4/5, Iter: 139/457 -- train_loss: 0.7280 
2026-10-03 04:59:25,686 - INFO - Epoch: 4/5, Iter: 140/457 -- train_loss: 0.2131 
2026-10-03 04:59:25,878 - INFO - Epoch: 4/5, Iter: 141/457 -- train_loss: 0.1733 
2026-10-03 04:59:28,366 - INFO - Epoch: 4/5, Iter: 142/457 -- train_loss: 0.1560 
2026-10-03 04:59:28,611 - INFO - Epoch: 4/5, Iter: 143/457 -- train_loss: 0.4805 
2026-10-03 04:59:28,865 - INFO - Epoch: 4/5, Iter: 144/457 -- train_loss: 0.8467 
2026-10-03 04:59:29,112 - INFO - Epoch: 4/5, Iter: 145/457 -- train_loss: 0.5107 
2026-10-03 04:59:30,927 - INFO - Epoch: 4/5, Iter: 146/457 -- train_loss: 0.9111 
2026-10-03 04:59:31,122 - INFO - Epoch: 4/5, Iter: 147/457 -- train_loss: 0.1317 
2026-10-03 04:59:31,375 - INFO - Epoch: 4/5, Iter: 148/457 -- train_loss: 0.8003 
2026-10-03 04:59:31,643 - INFO - Epoch: 4/5, Iter: 149/457 -- train_loss: 0.8887 
2026-10-03 04:59:32,626 - INFO - Epoch: 4/5, Iter: 150/457 -- train_loss: 0.7397 
2026-10-03 04:59:32,817 - INFO - Epoch: 4/5, Iter: 151/457 -- train_loss: 0.1793 
2026-10-03 04:59:33,013 - INFO - Epoch: 4/5, Iter: 152/457 -- train_loss: 0.1750 
2026-10-03 04:59:33,265 - INFO - Epoch: 4/5, Iter: 153/457 -- train_loss: 0.7031 
2026-10-03 04:59:35,834 - INFO - Epoch: 4/5, Iter: 154/457 -- train_loss: 0.6445 
2026-10-03 04:59:36,079 - INFO - Epoch: 4/5, Iter: 155/457 -- train_loss: 0.7002 
2026-10-03 04:59:36,333 - INFO - Epoch: 4/5, Iter: 156/457 -- train_loss: 0.8091 
2026-10-03 04:59:36,775 - INFO - Epoch: 4/5, Iter: 157/457 -- train_loss: 0.4277 
2026-10-03 04:59:37,468 - INFO - Epoch: 4/5, Iter: 158/457 -- train_loss: 0.6348 
2026-10-03 04:59:37,711 - INFO - Epoch: 4/5, Iter: 159/457 -- train_loss: 0.4404 
2026-10-03 04:59:37,959 - INFO - Epoch: 4/5, Iter: 160/457 -- train_loss: 0.5581 
2026-10-03 04:59:38,840 - INFO - Epoch: 4/5, Iter: 161/457 -- train_loss: 0.7988 
2026-10-03 04:59:40,088 - INFO - Epoch: 4/5, Iter: 162/457 -- train_loss: 0.7783 
2026-10-03 04:59:40,337 - INFO - Epoch: 4/5, Iter: 163/457 -- train_loss: 0.9790 
2026-10-03 04:59:40,586 - INFO - Epoch: 4/5, Iter: 164/457 -- train_loss: 0.6938 
2026-10-03 04:59:41,696 - INFO - Epoch: 4/5, Iter: 165/457 -- train_loss: 0.8350 
2026-10-03 04:59:44,269 - INFO - Epoch: 4/5, Iter: 166/457 -- train_loss: 0.2319 
2026-10-03 04:59:44,516 - INFO - Epoch: 4/5, Iter: 167/457 -- train_loss: 0.5381 
2026-10-03 04:59:44,801 - INFO - Epoch: 4/5, Iter: 168/457 -- train_loss: 0.7329 
2026-10-03 04:59:45,054 - INFO - Epoch: 4/5, Iter: 169/457 -- train_loss: 0.8120 
2026-10-03 04:59:46,363 - INFO - Epoch: 4/5, Iter: 170/457 -- train_loss: 0.7490 
2026-10-03 04:59:46,622 - INFO - Epoch: 4/5, Iter: 171/457 -- train_loss: 0.8276 
2026-10-03 04:59:48,673 - INFO - Epoch: 4/5, Iter: 172/457 -- train_loss: 0.2661 
2026-10-03 04:59:48,866 - INFO - Epoch: 4/5, Iter: 173/457 -- train_loss: 0.2632 
2026-10-03 04:59:49,056 - INFO - Epoch: 4/5, Iter: 174/457 -- train_loss: 0.2212 
2026-10-03 04:59:49,244 - INFO - Epoch: 4/5, Iter: 175/457 -- train_loss: 0.1976 
2026-10-03 04:59:51,221 - INFO - Epoch: 4/5, Iter: 176/457 -- train_loss: 0.8525 
2026-10-03 04:59:51,464 - INFO - Epoch: 4/5, Iter: 177/457 -- train_loss: 0.6147 
2026-10-03 04:59:51,713 - INFO - Epoch: 4/5, Iter: 178/457 -- train_loss: 0.5273 
2026-10-03 04:59:51,962 - INFO - Epoch: 4/5, Iter: 179/457 -- train_loss: 0.6167 
2026-10-03 04:59:52,385 - INFO - Epoch: 4/5, Iter: 180/457 -- train_loss: 0.7637 
2026-10-03 04:59:52,637 - INFO - Epoch: 4/5, Iter: 181/457 -- train_loss: 0.7314 
2026-10-03 04:59:54,293 - INFO - Epoch: 4/5, Iter: 182/457 -- train_loss: 0.1926 
2026-10-03 04:59:54,537 - INFO - Epoch: 4/5, Iter: 183/457 -- train_loss: 0.6084 
2026-10-03 04:59:56,147 - INFO - Epoch: 4/5, Iter: 184/457 -- train_loss: 0.5820 
2026-10-03 04:59:56,392 - INFO - Epoch: 4/5, Iter: 185/457 -- train_loss: 0.4419 
2026-10-03 04:59:57,335 - INFO - Epoch: 4/5, Iter: 186/457 -- train_loss: 0.1342 
2026-10-03 04:59:57,580 - INFO - Epoch: 4/5, Iter: 187/457 -- train_loss: 0.6123 
2026-10-03 04:59:58,623 - INFO - Epoch: 4/5, Iter: 188/457 -- train_loss: 0.6279 
2026-10-03 04:59:58,876 - INFO - Epoch: 4/5, Iter: 189/457 -- train_loss: 0.9756 
2026-10-03 04:59:59,947 - INFO - Epoch: 4/5, Iter: 190/457 -- train_loss: 0.5659 
2026-10-03 05:00:00,193 - INFO - Epoch: 4/5, Iter: 191/457 -- train_loss: 0.7183 
2026-10-03 05:00:00,908 - INFO - Epoch: 4/5, Iter: 192/457 -- train_loss: 0.6572 
2026-10-03 05:00:01,154 - INFO - Epoch: 4/5, Iter: 193/457 -- train_loss: 0.6992 
2026-10-03 05:00:01,479 - INFO - Epoch: 4/5, Iter: 194/457 -- train_loss: 0.1984 
2026-10-03 05:00:01,735 - INFO - Epoch: 4/5, Iter: 195/457 -- train_loss: 0.6758 
2026-10-03 05:00:03,262 - INFO - Epoch: 4/5, Iter: 196/457 -- train_loss: 0.6875 
2026-10-03 05:00:03,525 - INFO - Epoch: 4/5, Iter: 197/457 -- train_loss: 0.8042 
2026-10-03 05:00:03,768 - INFO - Epoch: 4/5, Iter: 198/457 -- train_loss: 0.5947 
2026-10-03 05:00:04,558 - INFO - Epoch: 4/5, Iter: 199/457 -- train_loss: 0.8550 
2026-10-03 05:00:05,820 - INFO - Epoch: 4/5, Iter: 200/457 -- train_loss: 0.7510 
2026-10-03 05:00:06,901 - INFO - Epoch: 4/5, Iter: 201/457 -- train_loss: 0.7930 
2026-10-03 05:00:07,144 - INFO - Epoch: 4/5, Iter: 202/457 -- train_loss: 0.4810 
2026-10-03 05:00:07,333 - INFO - Epoch: 4/5, Iter: 203/457 -- train_loss: 0.2739 
2026-10-03 05:00:08,196 - INFO - Epoch: 4/5, Iter: 204/457 -- train_loss: 0.5918 
2026-10-03 05:00:09,447 - INFO - Epoch: 4/5, Iter: 205/457 -- train_loss: 0.2415 
2026-10-03 05:00:09,692 - INFO - Epoch: 4/5, Iter: 206/457 -- train_loss: 0.5903 
2026-10-03 05:00:09,884 - INFO - Epoch: 4/5, Iter: 207/457 -- train_loss: 0.2169 
2026-10-03 05:00:12,378 - INFO - Epoch: 4/5, Iter: 208/457 -- train_loss: 0.1664 
2026-10-03 05:00:12,634 - INFO - Epoch: 4/5, Iter: 209/457 -- train_loss: 0.7031 
2026-10-03 05:00:12,875 - INFO - Epoch: 4/5, Iter: 210/457 -- train_loss: 0.5962 
2026-10-03 05:00:13,125 - INFO - Epoch: 4/5, Iter: 211/457 -- train_loss: 0.9932 
2026-10-03 05:00:14,637 - INFO - Epoch: 4/5, Iter: 212/457 -- train_loss: 0.6855 
2026-10-03 05:00:14,878 - INFO - Epoch: 4/5, Iter: 213/457 -- train_loss: 0.5474 
2026-10-03 05:00:15,143 - INFO - Epoch: 4/5, Iter: 214/457 -- train_loss: 0.7910 
2026-10-03 05:00:15,407 - INFO - Epoch: 4/5, Iter: 215/457 -- train_loss: 0.6226 
2026-10-03 05:00:16,491 - INFO - Epoch: 4/5, Iter: 216/457 -- train_loss: 1.0195 
2026-10-03 05:00:17,068 - INFO - Epoch: 4/5, Iter: 217/457 -- train_loss: 0.6758 
2026-10-03 05:00:17,313 - INFO - Epoch: 4/5, Iter: 218/457 -- train_loss: 0.6025 
2026-10-03 05:00:17,566 - INFO - Epoch: 4/5, Iter: 219/457 -- train_loss: 0.4778 
2026-10-03 05:00:18,092 - INFO - Epoch: 4/5, Iter: 220/457 -- train_loss: 0.2042 
2026-10-03 05:00:19,990 - INFO - Epoch: 4/5, Iter: 221/457 -- train_loss: 0.8223 
2026-10-03 05:00:20,235 - INFO - Epoch: 4/5, Iter: 222/457 -- train_loss: 0.5586 
2026-10-03 05:00:20,427 - INFO - Epoch: 4/5, Iter: 223/457 -- train_loss: 0.2134 
2026-10-03 05:00:20,692 - INFO - Epoch: 4/5, Iter: 224/457 -- train_loss: 0.7476 
2026-10-03 05:00:22,925 - INFO - Epoch: 4/5, Iter: 225/457 -- train_loss: 0.1772 
2026-10-03 05:00:23,125 - INFO - Epoch: 4/5, Iter: 226/457 -- train_loss: 0.1564 
2026-10-03 05:00:23,315 - INFO - Epoch: 4/5, Iter: 227/457 -- train_loss: 0.1520 
2026-10-03 05:00:23,568 - INFO - Epoch: 4/5, Iter: 228/457 -- train_loss: 0.5542 
2026-10-03 05:00:26,699 - INFO - Epoch: 4/5, Iter: 229/457 -- train_loss: 0.6870 
2026-10-03 05:00:26,950 - INFO - Epoch: 4/5, Iter: 230/457 -- train_loss: 0.7466 
2026-10-03 05:00:27,154 - INFO - Epoch: 4/5, Iter: 231/457 -- train_loss: 0.1114 
2026-10-03 05:00:27,348 - INFO - Epoch: 4/5, Iter: 232/457 -- train_loss: 0.1049 
2026-10-03 05:00:28,555 - INFO - Epoch: 4/5, Iter: 233/457 -- train_loss: 0.3684 
2026-10-03 05:00:28,750 - INFO - Epoch: 4/5, Iter: 234/457 -- train_loss: 0.0875 
2026-10-03 05:00:29,003 - INFO - Epoch: 4/5, Iter: 235/457 -- train_loss: 1.0078 
2026-10-03 05:00:29,248 - INFO - Epoch: 4/5, Iter: 236/457 -- train_loss: 0.7349 
2026-10-03 05:00:30,868 - INFO - Epoch: 4/5, Iter: 237/457 -- train_loss: 0.0854 
2026-10-03 05:00:31,120 - INFO - Epoch: 4/5, Iter: 238/457 -- train_loss: 0.8950 
2026-10-03 05:00:31,362 - INFO - Epoch: 4/5, Iter: 239/457 -- train_loss: 0.7891 
2026-10-03 05:00:31,616 - INFO - Epoch: 4/5, Iter: 240/457 -- train_loss: 0.9077 
2026-10-03 05:00:32,461 - INFO - Epoch: 4/5, Iter: 241/457 -- train_loss: 0.6133 
2026-10-03 05:00:32,663 - INFO - Epoch: 4/5, Iter: 242/457 -- train_loss: 0.1610 
2026-10-03 05:00:33,050 - INFO - Epoch: 4/5, Iter: 243/457 -- train_loss: 0.1492 
2026-10-03 05:00:33,295 - INFO - Epoch: 4/5, Iter: 244/457 -- train_loss: 0.4114 
2026-10-03 05:00:34,687 - INFO - Epoch: 4/5, Iter: 245/457 -- train_loss: 0.1433 
2026-10-03 05:00:34,954 - INFO - Epoch: 4/5, Iter: 246/457 -- train_loss: 0.8311 
2026-10-03 05:00:35,494 - INFO - Epoch: 4/5, Iter: 247/457 -- train_loss: 0.8838 
2026-10-03 05:00:35,741 - INFO - Epoch: 4/5, Iter: 248/457 -- train_loss: 0.9199 
2026-10-03 05:00:36,344 - INFO - Epoch: 4/5, Iter: 249/457 -- train_loss: 0.8555 
2026-10-03 05:00:37,302 - INFO - Epoch: 4/5, Iter: 250/457 -- train_loss: 0.7656 
2026-10-03 05:00:38,867 - INFO - Epoch: 4/5, Iter: 251/457 -- train_loss: 0.8008 
2026-10-03 05:00:39,120 - INFO - Epoch: 4/5, Iter: 252/457 -- train_loss: 0.7061 
2026-10-03 05:00:39,365 - INFO - Epoch: 4/5, Iter: 253/457 -- train_loss: 0.6079 
2026-10-03 05:00:39,622 - INFO - Epoch: 4/5, Iter: 254/457 -- train_loss: 0.5801 
2026-10-03 05:00:41,827 - INFO - Epoch: 4/5, Iter: 255/457 -- train_loss: 0.6689 
2026-10-03 05:00:42,019 - INFO - Epoch: 4/5, Iter: 256/457 -- train_loss: 0.2603 
2026-10-03 05:00:42,210 - INFO - Epoch: 4/5, Iter: 257/457 -- train_loss: 0.2365 
2026-10-03 05:00:42,412 - INFO - Epoch: 4/5, Iter: 258/457 -- train_loss: 0.2302 
2026-10-03 05:00:43,963 - INFO - Epoch: 4/5, Iter: 259/457 -- train_loss: 0.5913 
2026-10-03 05:00:44,208 - INFO - Epoch: 4/5, Iter: 260/457 -- train_loss: 0.5610 
2026-10-03 05:00:44,469 - INFO - Epoch: 4/5, Iter: 261/457 -- train_loss: 0.7852 
2026-10-03 05:00:44,711 - INFO - Epoch: 4/5, Iter: 262/457 -- train_loss: 0.6187 
2026-10-03 05:00:46,621 - INFO - Epoch: 4/5, Iter: 263/457 -- train_loss: 0.1266 
2026-10-03 05:00:46,816 - INFO - Epoch: 4/5, Iter: 264/457 -- train_loss: 0.1105 
2026-10-03 05:00:47,068 - INFO - Epoch: 4/5, Iter: 265/457 -- train_loss: 0.9692 
2026-10-03 05:00:47,312 - INFO - Epoch: 4/5, Iter: 266/457 -- train_loss: 0.7305 
2026-10-03 05:00:47,983 - INFO - Epoch: 4/5, Iter: 267/457 -- train_loss: 0.1125 
2026-10-03 05:00:48,227 - INFO - Epoch: 4/5, Iter: 268/457 -- train_loss: 0.6758 
2026-10-03 05:00:48,473 - INFO - Epoch: 4/5, Iter: 269/457 -- train_loss: 0.6187 
2026-10-03 05:00:48,719 - INFO - Epoch: 4/5, Iter: 270/457 -- train_loss: 0.6230 
2026-10-03 05:00:51,128 - INFO - Epoch: 4/5, Iter: 271/457 -- train_loss: 0.6475 
2026-10-03 05:00:51,370 - INFO - Epoch: 4/5, Iter: 272/457 -- train_loss: 0.4128 
2026-10-03 05:00:51,614 - INFO - Epoch: 4/5, Iter: 273/457 -- train_loss: 0.7490 
2026-10-03 05:00:51,873 - INFO - Epoch: 4/5, Iter: 274/457 -- train_loss: 0.5371 
2026-10-03 05:00:54,586 - INFO - Epoch: 4/5, Iter: 275/457 -- train_loss: 0.5977 
2026-10-03 05:00:54,846 - INFO - Epoch: 4/5, Iter: 276/457 -- train_loss: 0.8340 
2026-10-03 05:00:55,089 - INFO - Epoch: 4/5, Iter: 277/457 -- train_loss: 0.2754 
2026-10-03 05:00:55,357 - INFO - Epoch: 4/5, Iter: 278/457 -- train_loss: 0.6479 
2026-10-03 05:00:58,335 - INFO - Epoch: 4/5, Iter: 279/457 -- train_loss: 0.5918 
2026-10-03 05:00:58,580 - INFO - Epoch: 4/5, Iter: 280/457 -- train_loss: 0.6709 
2026-10-03 05:00:58,823 - INFO - Epoch: 4/5, Iter: 281/457 -- train_loss: 0.6685 
2026-10-03 05:00:59,016 - INFO - Epoch: 4/5, Iter: 282/457 -- train_loss: 0.2278 
2026-10-03 05:01:00,199 - INFO - Epoch: 4/5, Iter: 283/457 -- train_loss: 0.6172 
2026-10-03 05:01:00,448 - INFO - Epoch: 4/5, Iter: 284/457 -- train_loss: 0.6147 
2026-10-03 05:01:00,639 - INFO - Epoch: 4/5, Iter: 285/457 -- train_loss: 0.2123 
2026-10-03 05:01:00,883 - INFO - Epoch: 4/5, Iter: 286/457 -- train_loss: 0.5000 
2026-10-03 05:01:01,602 - INFO - Epoch: 4/5, Iter: 287/457 -- train_loss: 0.1613 
2026-10-03 05:01:01,857 - INFO - Epoch: 4/5, Iter: 288/457 -- train_loss: 0.6855 
2026-10-03 05:01:02,101 - INFO - Epoch: 4/5, Iter: 289/457 -- train_loss: 0.5527 
2026-10-03 05:01:02,305 - INFO - Epoch: 4/5, Iter: 290/457 -- train_loss: 0.1239 
2026-10-03 05:01:03,467 - INFO - Epoch: 4/5, Iter: 291/457 -- train_loss: 0.1196 
2026-10-03 05:01:04,397 - INFO - Epoch: 4/5, Iter: 292/457 -- train_loss: 0.1085 
2026-10-03 05:01:04,651 - INFO - Epoch: 4/5, Iter: 293/457 -- train_loss: 0.9570 
2026-10-03 05:01:05,753 - INFO - Epoch: 4/5, Iter: 294/457 -- train_loss: 0.6177 
2026-10-03 05:01:06,966 - INFO - Epoch: 4/5, Iter: 295/457 -- train_loss: 0.0961 
2026-10-03 05:01:07,219 - INFO - Epoch: 4/5, Iter: 296/457 -- train_loss: 0.6572 
2026-10-03 05:01:07,462 - INFO - Epoch: 4/5, Iter: 297/457 -- train_loss: 0.7734 
2026-10-03 05:01:07,728 - INFO - Epoch: 4/5, Iter: 298/457 -- train_loss: 0.6924 
2026-10-03 05:01:10,710 - INFO - Epoch: 4/5, Iter: 299/457 -- train_loss: 0.8535 
2026-10-03 05:01:10,901 - INFO - Epoch: 4/5, Iter: 300/457 -- train_loss: 0.1178 
2026-10-03 05:01:11,149 - INFO - Epoch: 4/5, Iter: 301/457 -- train_loss: 0.6895 
2026-10-03 05:01:11,392 - INFO - Epoch: 4/5, Iter: 302/457 -- train_loss: 0.8711 
2026-10-03 05:01:14,904 - INFO - Epoch: 4/5, Iter: 303/457 -- train_loss: 0.6636 
2026-10-03 05:01:15,156 - INFO - Epoch: 4/5, Iter: 304/457 -- train_loss: 0.4343 
2026-10-03 05:01:15,346 - INFO - Epoch: 4/5, Iter: 305/457 -- train_loss: 0.1573 
2026-10-03 05:01:15,600 - INFO - Epoch: 4/5, Iter: 306/457 -- train_loss: 0.8184 
2026-10-03 05:01:16,050 - INFO - Epoch: 4/5, Iter: 307/457 -- train_loss: 0.1632 
2026-10-03 05:01:16,311 - INFO - Epoch: 4/5, Iter: 308/457 -- train_loss: 0.5928 
2026-10-03 05:01:16,557 - INFO - Epoch: 4/5, Iter: 309/457 -- train_loss: 0.6011 
2026-10-03 05:01:16,813 - INFO - Epoch: 4/5, Iter: 310/457 -- train_loss: 0.9570 
2026-10-03 05:01:18,093 - INFO - Epoch: 4/5, Iter: 311/457 -- train_loss: 0.1561 
2026-10-03 05:01:18,286 - INFO - Epoch: 4/5, Iter: 312/457 -- train_loss: 0.1588 
2026-10-03 05:01:18,644 - INFO - Epoch: 4/5, Iter: 313/457 -- train_loss: 0.7407 
2026-10-03 05:01:19,105 - INFO - Epoch: 4/5, Iter: 314/457 -- train_loss: 0.8413 
2026-10-03 05:01:19,375 - INFO - Epoch: 4/5, Iter: 315/457 -- train_loss: 0.7593 
2026-10-03 05:01:20,041 - INFO - Epoch: 4/5, Iter: 316/457 -- train_loss: 0.1680 
2026-10-03 05:01:20,340 - INFO - Epoch: 4/5, Iter: 317/457 -- train_loss: 0.9004 
2026-10-03 05:01:21,100 - INFO - Epoch: 4/5, Iter: 318/457 -- train_loss: 0.8164 
2026-10-03 05:01:21,345 - INFO - Epoch: 4/5, Iter: 319/457 -- train_loss: 0.6001 
2026-10-03 05:01:23,763 - INFO - Epoch: 4/5, Iter: 320/457 -- train_loss: 0.4871 
2026-10-03 05:01:24,009 - INFO - Epoch: 4/5, Iter: 321/457 -- train_loss: 0.5498 
2026-10-03 05:01:24,198 - INFO - Epoch: 4/5, Iter: 322/457 -- train_loss: 0.2147 
2026-10-03 05:01:24,440 - INFO - Epoch: 4/5, Iter: 323/457 -- train_loss: 0.5576 
2026-10-03 05:01:25,491 - INFO - Epoch: 4/5, Iter: 324/457 -- train_loss: 0.5044 
2026-10-03 05:01:25,740 - INFO - Epoch: 4/5, Iter: 325/457 -- train_loss: 0.3745 
2026-10-03 05:01:25,985 - INFO - Epoch: 4/5, Iter: 326/457 -- train_loss: 0.7012 
2026-10-03 05:01:26,177 - INFO - Epoch: 4/5, Iter: 327/457 -- train_loss: 0.1498 
2026-10-03 05:01:27,165 - INFO - Epoch: 4/5, Iter: 328/457 -- train_loss: 0.8672 
2026-10-03 05:01:27,423 - INFO - Epoch: 4/5, Iter: 329/457 -- train_loss: 0.8374 
2026-10-03 05:01:27,617 - INFO - Epoch: 4/5, Iter: 330/457 -- train_loss: 0.1385 
2026-10-03 05:01:27,868 - INFO - Epoch: 4/5, Iter: 331/457 -- train_loss: 0.8960 
2026-10-03 05:01:29,579 - INFO - Epoch: 4/5, Iter: 332/457 -- train_loss: 0.6333 
2026-10-03 05:01:30,500 - INFO - Epoch: 4/5, Iter: 333/457 -- train_loss: 0.5298 
2026-10-03 05:01:30,752 - INFO - Epoch: 4/5, Iter: 334/457 -- train_loss: 0.8057 
2026-10-03 05:01:31,002 - INFO - Epoch: 4/5, Iter: 335/457 -- train_loss: 0.6016 
2026-10-03 05:01:32,071 - INFO - Epoch: 4/5, Iter: 336/457 -- train_loss: 0.1875 
2026-10-03 05:01:33,726 - INFO - Epoch: 4/5, Iter: 337/457 -- train_loss: 0.5996 
2026-10-03 05:01:33,982 - INFO - Epoch: 4/5, Iter: 338/457 -- train_loss: 0.8359 
2026-10-03 05:01:34,178 - INFO - Epoch: 4/5, Iter: 339/457 -- train_loss: 0.2129 
2026-10-03 05:01:34,381 - INFO - Epoch: 4/5, Iter: 340/457 -- train_loss: 0.1909 
2026-10-03 05:01:37,100 - INFO - Epoch: 4/5, Iter: 341/457 -- train_loss: 0.5840 
2026-10-03 05:01:37,358 - INFO - Epoch: 4/5, Iter: 342/457 -- train_loss: 0.9116 
2026-10-03 05:01:37,614 - INFO - Epoch: 4/5, Iter: 343/457 -- train_loss: 0.8643 
2026-10-03 05:01:37,875 - INFO - Epoch: 4/5, Iter: 344/457 -- train_loss: 0.6602 
2026-10-03 05:01:38,679 - INFO - Epoch: 4/5, Iter: 345/457 -- train_loss: 0.7739 
2026-10-03 05:01:38,935 - INFO - Epoch: 4/5, Iter: 346/457 -- train_loss: 0.6934 
2026-10-03 05:01:39,127 - INFO - Epoch: 4/5, Iter: 347/457 -- train_loss: 0.2207 
2026-10-03 05:01:39,743 - INFO - Epoch: 4/5, Iter: 348/457 -- train_loss: 0.7505 
2026-10-03 05:01:41,517 - INFO - Epoch: 4/5, Iter: 349/457 -- train_loss: 0.2174 
2026-10-03 05:01:41,760 - INFO - Epoch: 4/5, Iter: 350/457 -- train_loss: 0.6182 
2026-10-03 05:01:42,006 - INFO - Epoch: 4/5, Iter: 351/457 -- train_loss: 0.6372 
2026-10-03 05:01:42,275 - INFO - Epoch: 4/5, Iter: 352/457 -- train_loss: 0.8643 
2026-10-03 05:01:43,441 - INFO - Epoch: 4/5, Iter: 353/457 -- train_loss: 0.6367 
2026-10-03 05:01:43,693 - INFO - Epoch: 4/5, Iter: 354/457 -- train_loss: 0.7500 
2026-10-03 05:01:43,941 - INFO - Epoch: 4/5, Iter: 355/457 -- train_loss: 0.7310 
2026-10-03 05:01:44,199 - INFO - Epoch: 4/5, Iter: 356/457 -- train_loss: 0.6699 
2026-10-03 05:01:45,644 - INFO - Epoch: 4/5, Iter: 357/457 -- train_loss: 0.1864 
2026-10-03 05:01:45,851 - INFO - Epoch: 4/5, Iter: 358/457 -- train_loss: 0.1699 
2026-10-03 05:01:46,120 - INFO - Epoch: 4/5, Iter: 359/457 -- train_loss: 0.6768 
2026-10-03 05:01:47,677 - INFO - Epoch: 4/5, Iter: 360/457 -- train_loss: 0.6362 
2026-10-03 05:01:48,568 - INFO - Epoch: 4/5, Iter: 361/457 -- train_loss: 0.6494 
2026-10-03 05:01:48,813 - INFO - Epoch: 4/5, Iter: 362/457 -- train_loss: 0.5854 
2026-10-03 05:01:49,423 - INFO - Epoch: 4/5, Iter: 363/457 -- train_loss: 0.4995 
2026-10-03 05:01:49,685 - INFO - Epoch: 4/5, Iter: 364/457 -- train_loss: 0.5439 
2026-10-03 05:01:52,738 - INFO - Epoch: 4/5, Iter: 365/457 -- train_loss: 0.7539 
2026-10-03 05:01:52,992 - INFO - Epoch: 4/5, Iter: 366/457 -- train_loss: 0.9282 
2026-10-03 05:01:53,234 - INFO - Epoch: 4/5, Iter: 367/457 -- train_loss: 0.6372 
2026-10-03 05:01:53,434 - INFO - Epoch: 4/5, Iter: 368/457 -- train_loss: 0.1831 
2026-10-03 05:01:54,543 - INFO - Epoch: 4/5, Iter: 369/457 -- train_loss: 0.1897 
2026-10-03 05:01:54,732 - INFO - Epoch: 4/5, Iter: 370/457 -- train_loss: 0.1910 
2026-10-03 05:01:54,978 - INFO - Epoch: 4/5, Iter: 371/457 -- train_loss: 0.5625 
2026-10-03 05:01:55,720 - INFO - Epoch: 4/5, Iter: 372/457 -- train_loss: 0.5352 
2026-10-03 05:01:56,524 - INFO - Epoch: 4/5, Iter: 373/457 -- train_loss: 0.3745 
2026-10-03 05:01:58,564 - INFO - Epoch: 4/5, Iter: 374/457 -- train_loss: 0.7310 
2026-10-03 05:01:58,811 - INFO - Epoch: 4/5, Iter: 375/457 -- train_loss: 0.6318 
2026-10-03 05:01:59,056 - INFO - Epoch: 4/5, Iter: 376/457 -- train_loss: 1.1523 
2026-10-03 05:01:59,695 - INFO - Epoch: 4/5, Iter: 377/457 -- train_loss: 0.9019 
2026-10-03 05:02:01,874 - INFO - Epoch: 4/5, Iter: 378/457 -- train_loss: 0.6187 
2026-10-03 05:02:02,120 - INFO - Epoch: 4/5, Iter: 379/457 -- train_loss: 0.7129 
2026-10-03 05:02:02,386 - INFO - Epoch: 4/5, Iter: 380/457 -- train_loss: 0.7749 
2026-10-03 05:02:02,576 - INFO - Epoch: 4/5, Iter: 381/457 -- train_loss: 0.1835 
2026-10-03 05:02:04,397 - INFO - Epoch: 4/5, Iter: 382/457 -- train_loss: 0.4421 
2026-10-03 05:02:04,587 - INFO - Epoch: 4/5, Iter: 383/457 -- train_loss: 0.1726 
2026-10-03 05:02:05,738 - INFO - Epoch: 4/5, Iter: 384/457 -- train_loss: 0.7344 
2026-10-03 05:02:05,984 - INFO - Epoch: 4/5, Iter: 385/457 -- train_loss: 0.6519 
2026-10-03 05:02:06,595 - INFO - Epoch: 4/5, Iter: 386/457 -- train_loss: 0.6387 
2026-10-03 05:02:06,849 - INFO - Epoch: 4/5, Iter: 387/457 -- train_loss: 0.9653 
2026-10-03 05:02:07,868 - INFO - Epoch: 4/5, Iter: 388/457 -- train_loss: 0.1895 
2026-10-03 05:02:08,112 - INFO - Epoch: 4/5, Iter: 389/457 -- train_loss: 0.4539 
2026-10-03 05:02:08,303 - INFO - Epoch: 4/5, Iter: 390/457 -- train_loss: 0.1852 
2026-10-03 05:02:08,557 - INFO - Epoch: 4/5, Iter: 391/457 -- train_loss: 0.8501 
2026-10-03 05:02:09,385 - INFO - Epoch: 4/5, Iter: 392/457 -- train_loss: 0.4993 
2026-10-03 05:02:10,110 - INFO - Epoch: 4/5, Iter: 393/457 -- train_loss: 0.4939 
2026-10-03 05:02:10,362 - INFO - Epoch: 4/5, Iter: 394/457 -- train_loss: 0.6826 
2026-10-03 05:02:10,608 - INFO - Epoch: 4/5, Iter: 395/457 -- train_loss: 0.7373 
2026-10-03 05:02:12,462 - INFO - Epoch: 4/5, Iter: 396/457 -- train_loss: 0.6943 
2026-10-03 05:02:12,715 - INFO - Epoch: 4/5, Iter: 397/457 -- train_loss: 0.8882 
2026-10-03 05:02:13,404 - INFO - Epoch: 4/5, Iter: 398/457 -- train_loss: 0.9053 
2026-10-03 05:02:13,597 - INFO - Epoch: 4/5, Iter: 399/457 -- train_loss: 0.1985 
2026-10-03 05:02:14,526 - INFO - Epoch: 4/5, Iter: 400/457 -- train_loss: 0.5518 
2026-10-03 05:02:14,718 - INFO - Epoch: 4/5, Iter: 401/457 -- train_loss: 0.1858 
2026-10-03 05:02:15,895 - INFO - Epoch: 4/5, Iter: 402/457 -- train_loss: 0.1869 
2026-10-03 05:02:16,148 - INFO - Epoch: 4/5, Iter: 403/457 -- train_loss: 0.8911 
2026-10-03 05:02:16,350 - INFO - Epoch: 4/5, Iter: 404/457 -- train_loss: 0.1617 
2026-10-03 05:02:16,625 - INFO - Epoch: 4/5, Iter: 405/457 -- train_loss: 0.8584 
2026-10-03 05:02:18,371 - INFO - Epoch: 4/5, Iter: 406/457 -- train_loss: 0.1476 
2026-10-03 05:02:18,617 - INFO - Epoch: 4/5, Iter: 407/457 -- train_loss: 0.5312 
2026-10-03 05:02:18,878 - INFO - Epoch: 4/5, Iter: 408/457 -- train_loss: 0.6504 
2026-10-03 05:02:19,614 - INFO - Epoch: 4/5, Iter: 409/457 -- train_loss: 0.7036 
2026-10-03 05:02:20,645 - INFO - Epoch: 4/5, Iter: 410/457 -- train_loss: 0.1422 
2026-10-03 05:02:20,834 - INFO - Epoch: 4/5, Iter: 411/457 -- train_loss: 0.1345 
2026-10-03 05:02:21,129 - INFO - Epoch: 4/5, Iter: 412/457 -- train_loss: 0.5483 
2026-10-03 05:02:22,340 - INFO - Epoch: 4/5, Iter: 413/457 -- train_loss: 0.4768 
2026-10-03 05:02:23,916 - INFO - Epoch: 4/5, Iter: 414/457 -- train_loss: 0.5874 
2026-10-03 05:02:24,173 - INFO - Epoch: 4/5, Iter: 415/457 -- train_loss: 0.9209 
2026-10-03 05:02:24,420 - INFO - Epoch: 4/5, Iter: 416/457 -- train_loss: 0.6729 
2026-10-03 05:02:24,678 - INFO - Epoch: 4/5, Iter: 417/457 -- train_loss: 0.6758 
2026-10-03 05:02:27,504 - INFO - Epoch: 4/5, Iter: 418/457 -- train_loss: 0.7969 
2026-10-03 05:02:27,755 - INFO - Epoch: 4/5, Iter: 419/457 -- train_loss: 0.5840 
2026-10-03 05:02:28,003 - INFO - Epoch: 4/5, Iter: 420/457 -- train_loss: 0.6152 
2026-10-03 05:02:28,260 - INFO - Epoch: 4/5, Iter: 421/457 -- train_loss: 0.7402 
2026-10-03 05:02:30,488 - INFO - Epoch: 4/5, Iter: 422/457 -- train_loss: 0.5225 
2026-10-03 05:02:30,683 - INFO - Epoch: 4/5, Iter: 423/457 -- train_loss: 0.2223 
2026-10-03 05:02:30,874 - INFO - Epoch: 4/5, Iter: 424/457 -- train_loss: 0.1786 
2026-10-03 05:02:31,561 - INFO - Epoch: 4/5, Iter: 425/457 -- train_loss: 0.7241 
2026-10-03 05:02:32,534 - INFO - Epoch: 4/5, Iter: 426/457 -- train_loss: 0.1672 
2026-10-03 05:02:32,783 - INFO - Epoch: 4/5, Iter: 427/457 -- train_loss: 0.6968 
2026-10-03 05:02:33,040 - INFO - Epoch: 4/5, Iter: 428/457 -- train_loss: 0.8105 
2026-10-03 05:02:33,297 - INFO - Epoch: 4/5, Iter: 429/457 -- train_loss: 0.5552 
2026-10-03 05:02:34,406 - INFO - Epoch: 4/5, Iter: 430/457 -- train_loss: 0.1541 
2026-10-03 05:02:34,661 - INFO - Epoch: 4/5, Iter: 431/457 -- train_loss: 0.8354 
2026-10-03 05:02:34,916 - INFO - Epoch: 4/5, Iter: 432/457 -- train_loss: 0.7515 
2026-10-03 05:02:35,265 - INFO - Epoch: 4/5, Iter: 433/457 -- train_loss: 0.4871 
2026-10-03 05:02:37,999 - INFO - Epoch: 4/5, Iter: 434/457 -- train_loss: 0.7144 
2026-10-03 05:02:38,242 - INFO - Epoch: 4/5, Iter: 435/457 -- train_loss: 0.5762 
2026-10-03 05:02:38,434 - INFO - Epoch: 4/5, Iter: 436/457 -- train_loss: 0.1777 
2026-10-03 05:02:38,685 - INFO - Epoch: 4/5, Iter: 437/457 -- train_loss: 0.8472 
2026-10-03 05:02:39,598 - INFO - Epoch: 4/5, Iter: 438/457 -- train_loss: 0.5635 
2026-10-03 05:02:39,952 - INFO - Epoch: 4/5, Iter: 439/457 -- train_loss: 1.0059 
2026-10-03 05:02:40,196 - INFO - Epoch: 4/5, Iter: 440/457 -- train_loss: 0.7954 
2026-10-03 05:02:40,442 - INFO - Epoch: 4/5, Iter: 441/457 -- train_loss: 0.7100 
2026-10-03 05:02:41,866 - INFO - Epoch: 4/5, Iter: 442/457 -- train_loss: 0.7886 
2026-10-03 05:02:42,119 - INFO - Epoch: 4/5, Iter: 443/457 -- train_loss: 0.7422 
2026-10-03 05:02:42,378 - INFO - Epoch: 4/5, Iter: 444/457 -- train_loss: 0.7305 
2026-10-03 05:02:42,638 - INFO - Epoch: 4/5, Iter: 445/457 -- train_loss: 0.5898 
2026-10-03 05:02:43,655 - INFO - Epoch: 4/5, Iter: 446/457 -- train_loss: 0.7905 
2026-10-03 05:02:43,906 - INFO - Epoch: 4/5, Iter: 447/457 -- train_loss: 0.7856 
2026-10-03 05:02:44,104 - INFO - Epoch: 4/5, Iter: 448/457 -- train_loss: 0.3025 
2026-10-03 05:02:44,321 - INFO - Epoch: 4/5, Iter: 449/457 -- train_loss: 0.3000 
2026-10-03 05:02:45,900 - INFO - Epoch: 4/5, Iter: 450/457 -- train_loss: 0.8433 
2026-10-03 05:02:46,166 - INFO - Epoch: 4/5, Iter: 451/457 -- train_loss: 0.5898 
2026-10-03 05:02:46,428 - INFO - Epoch: 4/5, Iter: 452/457 -- train_loss: 0.7563 
2026-10-03 05:02:46,696 - INFO - Epoch: 4/5, Iter: 453/457 -- train_loss: 0.6660 
2026-10-03 05:02:47,469 - INFO - Epoch: 4/5, Iter: 454/457 -- train_loss: 0.6865 
2026-10-03 05:02:47,722 - INFO - Epoch: 4/5, Iter: 455/457 -- train_loss: 0.8745 
2026-10-03 05:02:47,914 - INFO - Epoch: 4/5, Iter: 456/457 -- train_loss: 0.1719 
2026-10-03 05:02:48,166 - INFO - Epoch: 4/5, Iter: 457/457 -- train_loss: 0.6328 
2026-10-03 05:02:48,168 - ignite.engine.engine.DetectionTrainer - INFO - Current learning rate: 0.0005
2026-10-03 05:02:48,169 - ignite.engine.engine.DetectionEvaluator - INFO - Engine run resuming from iteration 0, epoch 3 until 4 epochs
2026-10-03 05:04:38,142 - root - INFO - Start COCO metric computation...
2026-10-03 05:04:38,147 - root - INFO - Statistics for COCO metrics finished (t=0.00s).
2026-10-03 05:04:38,148 - root - INFO - COCO metrics computed in t=0.00s.
2026-10-03 05:04:38,148 - INFO - Epoch[4] Metrics -- val_coco: 0.0000 
2026-10-03 05:04:38,149 - INFO - Key metric: val_coco best value: 0.03506380448074821 at epoch: 3
2026-10-03 05:04:38,152 - ignite.engine.engine.DetectionEvaluator - INFO - Epoch[4] Complete. Time taken: 00:01:49.802
2026-10-03 05:04:38,152 - ignite.engine.engine.DetectionEvaluator - INFO - Engine run complete. Time taken: 00:01:49.983
2026-10-03 05:04:38,172 - ignite.engine.engine.DetectionTrainer - INFO - Epoch[4] Complete. Time taken: 00:06:45.182
2026-10-03 05:04:40,867 - INFO - Epoch: 5/5, Iter: 1/457 -- train_loss: 0.8135 
2026-10-03 05:04:42,004 - INFO - Epoch: 5/5, Iter: 2/457 -- train_loss: 0.6680 
2026-10-03 05:04:42,250 - INFO - Epoch: 5/5, Iter: 3/457 -- train_loss: 0.5791 
2026-10-03 05:04:42,497 - INFO - Epoch: 5/5, Iter: 4/457 -- train_loss: 0.7212 
2026-10-03 05:04:42,756 - INFO - Epoch: 5/5, Iter: 5/457 -- train_loss: 0.5708 
2026-10-03 05:04:44,058 - INFO - Epoch: 5/5, Iter: 6/457 -- train_loss: 0.7686 
2026-10-03 05:04:44,312 - INFO - Epoch: 5/5, Iter: 7/457 -- train_loss: 0.7217 
2026-10-03 05:04:44,558 - INFO - Epoch: 5/5, Iter: 8/457 -- train_loss: 0.5698 
2026-10-03 05:04:44,825 - INFO - Epoch: 5/5, Iter: 9/457 -- train_loss: 0.7798 
2026-10-03 05:04:47,999 - INFO - Epoch: 5/5, Iter: 10/457 -- train_loss: 0.6973 
2026-10-03 05:04:48,245 - INFO - Epoch: 5/5, Iter: 11/457 -- train_loss: 0.5938 
2026-10-03 05:04:48,492 - INFO - Epoch: 5/5, Iter: 12/457 -- train_loss: 0.4780 
2026-10-03 05:04:48,742 - INFO - Epoch: 5/5, Iter: 13/457 -- train_loss: 0.5269 
2026-10-03 05:04:49,492 - INFO - Epoch: 5/5, Iter: 14/457 -- train_loss: 0.7891 
2026-10-03 05:04:49,743 - INFO - Epoch: 5/5, Iter: 15/457 -- train_loss: 0.5654 
2026-10-03 05:04:49,988 - INFO - Epoch: 5/5, Iter: 16/457 -- train_loss: 0.5728 
2026-10-03 05:04:50,178 - INFO - Epoch: 5/5, Iter: 17/457 -- train_loss: 0.1992 
2026-10-03 05:04:52,165 - INFO - Epoch: 5/5, Iter: 18/457 -- train_loss: 0.6372 
2026-10-03 05:04:52,362 - INFO - Epoch: 5/5, Iter: 19/457 -- train_loss: 0.1660 
2026-10-03 05:04:52,625 - INFO - Epoch: 5/5, Iter: 20/457 -- train_loss: 0.8516 
2026-10-03 05:04:52,818 - INFO - Epoch: 5/5, Iter: 21/457 -- train_loss: 0.1603 
2026-10-03 05:04:53,695 - INFO - Epoch: 5/5, Iter: 22/457 -- train_loss: 0.1301 
2026-10-03 05:04:53,939 - INFO - Epoch: 5/5, Iter: 23/457 -- train_loss: 0.6880 
2026-10-03 05:04:54,206 - INFO - Epoch: 5/5, Iter: 24/457 -- train_loss: 0.6182 
2026-10-03 05:04:54,459 - INFO - Epoch: 5/5, Iter: 25/457 -- train_loss: 0.6338 
2026-10-03 05:04:57,293 - INFO - Epoch: 5/5, Iter: 26/457 -- train_loss: 0.6787 
2026-10-03 05:04:57,548 - INFO - Epoch: 5/5, Iter: 27/457 -- train_loss: 0.9258 
2026-10-03 05:04:57,793 - INFO - Epoch: 5/5, Iter: 28/457 -- train_loss: 0.5776 
2026-10-03 05:04:58,041 - INFO - Epoch: 5/5, Iter: 29/457 -- train_loss: 0.4170 
2026-10-03 05:04:59,219 - INFO - Epoch: 5/5, Iter: 30/457 -- train_loss: 0.6660 
2026-10-03 05:04:59,409 - INFO - Epoch: 5/5, Iter: 31/457 -- train_loss: 0.1661 
2026-10-03 05:04:59,655 - INFO - Epoch: 5/5, Iter: 32/457 -- train_loss: 0.5244 
2026-10-03 05:04:59,900 - INFO - Epoch: 5/5, Iter: 33/457 -- train_loss: 0.6670 
2026-10-03 05:05:01,576 - INFO - Epoch: 5/5, Iter: 34/457 -- train_loss: 0.5425 
2026-10-03 05:05:01,828 - INFO - Epoch: 5/5, Iter: 35/457 -- train_loss: 0.6968 
2026-10-03 05:05:02,025 - INFO - Epoch: 5/5, Iter: 36/457 -- train_loss: 0.1758 
2026-10-03 05:05:02,273 - INFO - Epoch: 5/5, Iter: 37/457 -- train_loss: 0.7075 
2026-10-03 05:05:04,985 - INFO - Epoch: 5/5, Iter: 38/457 -- train_loss: 0.9297 
2026-10-03 05:05:05,236 - INFO - Epoch: 5/5, Iter: 39/457 -- train_loss: 0.7744 
2026-10-03 05:05:05,432 - INFO - Epoch: 5/5, Iter: 40/457 -- train_loss: 0.1965 
2026-10-03 05:05:05,625 - INFO - Epoch: 5/5, Iter: 41/457 -- train_loss: 0.1544 
2026-10-03 05:05:06,843 - INFO - Epoch: 5/5, Iter: 42/457 -- train_loss: 0.7100 
2026-10-03 05:05:07,031 - INFO - Epoch: 5/5, Iter: 43/457 -- train_loss: 0.1626 
2026-10-03 05:05:07,275 - INFO - Epoch: 5/5, Iter: 44/457 -- train_loss: 0.6011 
2026-10-03 05:05:07,486 - INFO - Epoch: 5/5, Iter: 45/457 -- train_loss: 0.1479 
2026-10-03 05:05:09,501 - INFO - Epoch: 5/5, Iter: 46/457 -- train_loss: 0.7002 
2026-10-03 05:05:09,755 - INFO - Epoch: 5/5, Iter: 47/457 -- train_loss: 0.8301 
2026-10-03 05:05:10,012 - INFO - Epoch: 5/5, Iter: 48/457 -- train_loss: 0.8809 
2026-10-03 05:05:10,256 - INFO - Epoch: 5/5, Iter: 49/457 -- train_loss: 0.5654 
2026-10-03 05:05:12,987 - INFO - Epoch: 5/5, Iter: 50/457 -- train_loss: 0.6270 
2026-10-03 05:05:13,234 - INFO - Epoch: 5/5, Iter: 51/457 -- train_loss: 0.6338 
2026-10-03 05:05:13,481 - INFO - Epoch: 5/5, Iter: 52/457 -- train_loss: 0.6860 
2026-10-03 05:05:13,734 - INFO - Epoch: 5/5, Iter: 53/457 -- train_loss: 0.7554 
2026-10-03 05:05:15,179 - INFO - Epoch: 5/5, Iter: 54/457 -- train_loss: 0.9062 
2026-10-03 05:05:15,420 - INFO - Epoch: 5/5, Iter: 55/457 -- train_loss: 0.5728 
2026-10-03 05:05:15,674 - INFO - Epoch: 5/5, Iter: 56/457 -- train_loss: 0.7471 
2026-10-03 05:05:15,861 - INFO - Epoch: 5/5, Iter: 57/457 -- train_loss: 0.2966 
2026-10-03 05:05:18,222 - INFO - Epoch: 5/5, Iter: 58/457 -- train_loss: 0.2505 
2026-10-03 05:05:18,466 - INFO - Epoch: 5/5, Iter: 59/457 -- train_loss: 0.7188 
2026-10-03 05:05:18,719 - INFO - Epoch: 5/5, Iter: 60/457 -- train_loss: 0.6294 
2026-10-03 05:05:18,913 - INFO - Epoch: 5/5, Iter: 61/457 -- train_loss: 0.1766 
2026-10-03 05:05:19,388 - INFO - Epoch: 5/5, Iter: 62/457 -- train_loss: 0.1780 
2026-10-03 05:05:19,580 - INFO - Epoch: 5/5, Iter: 63/457 -- train_loss: 0.1570 
2026-10-03 05:05:19,834 - INFO - Epoch: 5/5, Iter: 64/457 -- train_loss: 0.9062 
2026-10-03 05:05:20,181 - INFO - Epoch: 5/5, Iter: 65/457 -- train_loss: 0.1299 
2026-10-03 05:05:23,629 - INFO - Epoch: 5/5, Iter: 66/457 -- train_loss: 0.9141 
2026-10-03 05:05:23,876 - INFO - Epoch: 5/5, Iter: 67/457 -- train_loss: 0.8042 
2026-10-03 05:05:24,065 - INFO - Epoch: 5/5, Iter: 68/457 -- train_loss: 0.1055 
2026-10-03 05:05:24,266 - INFO - Epoch: 5/5, Iter: 69/457 -- train_loss: 0.1042 
2026-10-03 05:05:25,385 - INFO - Epoch: 5/5, Iter: 70/457 -- train_loss: 0.8516 
2026-10-03 05:05:25,626 - INFO - Epoch: 5/5, Iter: 71/457 -- train_loss: 0.7197 
2026-10-03 05:05:25,868 - INFO - Epoch: 5/5, Iter: 72/457 -- train_loss: 0.8311 
2026-10-03 05:05:26,123 - INFO - Epoch: 5/5, Iter: 73/457 -- train_loss: 0.6304 
2026-10-03 05:05:27,484 - INFO - Epoch: 5/5, Iter: 74/457 -- train_loss: 0.5986 
2026-10-03 05:05:27,738 - INFO - Epoch: 5/5, Iter: 75/457 -- train_loss: 0.7285 
2026-10-03 05:05:27,981 - INFO - Epoch: 5/5, Iter: 76/457 -- train_loss: 0.6050 
2026-10-03 05:05:28,172 - INFO - Epoch: 5/5, Iter: 77/457 -- train_loss: 0.1404 
2026-10-03 05:05:30,560 - INFO - Epoch: 5/5, Iter: 78/457 -- train_loss: 0.1464 
2026-10-03 05:05:30,802 - INFO - Epoch: 5/5, Iter: 79/457 -- train_loss: 0.5347 
2026-10-03 05:05:30,996 - INFO - Epoch: 5/5, Iter: 80/457 -- train_loss: 0.1479 
2026-10-03 05:05:31,242 - INFO - Epoch: 5/5, Iter: 81/457 -- train_loss: 0.5664 
2026-10-03 05:05:32,284 - INFO - Epoch: 5/5, Iter: 82/457 -- train_loss: 0.6084 
2026-10-03 05:05:32,530 - INFO - Epoch: 5/5, Iter: 83/457 -- train_loss: 0.5918 
2026-10-03 05:05:32,722 - INFO - Epoch: 5/5, Iter: 84/457 -- train_loss: 0.1381 
2026-10-03 05:05:32,977 - INFO - Epoch: 5/5, Iter: 85/457 -- train_loss: 0.8789 
2026-10-03 05:05:34,109 - INFO - Epoch: 5/5, Iter: 86/457 -- train_loss: 0.6777 
2026-10-03 05:05:35,082 - INFO - Epoch: 5/5, Iter: 87/457 -- train_loss: 0.8506 
2026-10-03 05:05:35,327 - INFO - Epoch: 5/5, Iter: 88/457 -- train_loss: 0.5469 
2026-10-03 05:05:35,571 - INFO - Epoch: 5/5, Iter: 89/457 -- train_loss: 0.4653 
2026-10-03 05:05:37,849 - INFO - Epoch: 5/5, Iter: 90/457 -- train_loss: 0.4512 
2026-10-03 05:05:38,040 - INFO - Epoch: 5/5, Iter: 91/457 -- train_loss: 0.1759 
2026-10-03 05:05:38,285 - INFO - Epoch: 5/5, Iter: 92/457 -- train_loss: 0.6260 
2026-10-03 05:05:38,479 - INFO - Epoch: 5/5, Iter: 93/457 -- train_loss: 0.1620 
2026-10-03 05:05:41,232 - INFO - Epoch: 5/5, Iter: 94/457 -- train_loss: 0.8340 
2026-10-03 05:05:41,424 - INFO - Epoch: 5/5, Iter: 95/457 -- train_loss: 0.1552 
2026-10-03 05:05:41,677 - INFO - Epoch: 5/5, Iter: 96/457 -- train_loss: 0.5938 
2026-10-03 05:05:41,881 - INFO - Epoch: 5/5, Iter: 97/457 -- train_loss: 0.1416 
2026-10-03 05:05:42,770 - INFO - Epoch: 5/5, Iter: 98/457 -- train_loss: 0.1186 
2026-10-03 05:05:43,026 - INFO - Epoch: 5/5, Iter: 99/457 -- train_loss: 0.6670 
2026-10-03 05:05:43,274 - INFO - Epoch: 5/5, Iter: 100/457 -- train_loss: 0.4019 
2026-10-03 05:05:43,522 - INFO - Epoch: 5/5, Iter: 101/457 -- train_loss: 0.4746 
2026-10-03 05:05:45,804 - INFO - Epoch: 5/5, Iter: 102/457 -- train_loss: 0.7188 
2026-10-03 05:05:46,050 - INFO - Epoch: 5/5, Iter: 103/457 -- train_loss: 0.6626 
2026-10-03 05:05:46,294 - INFO - Epoch: 5/5, Iter: 104/457 -- train_loss: 0.4980 
2026-10-03 05:05:46,549 - INFO - Epoch: 5/5, Iter: 105/457 -- train_loss: 0.8667 
2026-10-03 05:05:48,137 - INFO - Epoch: 5/5, Iter: 106/457 -- train_loss: 0.6611 
2026-10-03 05:05:48,379 - INFO - Epoch: 5/5, Iter: 107/457 -- train_loss: 0.6177 
2026-10-03 05:05:48,631 - INFO - Epoch: 5/5, Iter: 108/457 -- train_loss: 0.8154 
2026-10-03 05:05:48,886 - INFO - Epoch: 5/5, Iter: 109/457 -- train_loss: 0.8506 
2026-10-03 05:05:49,764 - INFO - Epoch: 5/5, Iter: 110/457 -- train_loss: 0.6343 
2026-10-03 05:05:50,015 - INFO - Epoch: 5/5, Iter: 111/457 -- train_loss: 0.6982 
2026-10-03 05:05:50,376 - INFO - Epoch: 5/5, Iter: 112/457 -- train_loss: 0.6787 
2026-10-03 05:05:50,632 - INFO - Epoch: 5/5, Iter: 113/457 -- train_loss: 0.7388 
2026-10-03 05:05:51,307 - INFO - Epoch: 5/5, Iter: 114/457 -- train_loss: 0.6924 
2026-10-03 05:05:51,559 - INFO - Epoch: 5/5, Iter: 115/457 -- train_loss: 0.7100 
2026-10-03 05:05:52,195 - INFO - Epoch: 5/5, Iter: 116/457 -- train_loss: 0.7686 
2026-10-03 05:05:52,587 - INFO - Epoch: 5/5, Iter: 117/457 -- train_loss: 0.6748 
2026-10-03 05:05:53,845 - INFO - Epoch: 5/5, Iter: 118/457 -- train_loss: 0.2173 
2026-10-03 05:05:54,095 - INFO - Epoch: 5/5, Iter: 119/457 -- train_loss: 0.6084 
2026-10-03 05:05:55,463 - INFO - Epoch: 5/5, Iter: 120/457 -- train_loss: 0.6523 
2026-10-03 05:05:55,724 - INFO - Epoch: 5/5, Iter: 121/457 -- train_loss: 0.4246 
2026-10-03 05:05:55,982 - INFO - Epoch: 5/5, Iter: 122/457 -- train_loss: 0.7627 
2026-10-03 05:05:56,240 - INFO - Epoch: 5/5, Iter: 123/457 -- train_loss: 0.7007 
2026-10-03 05:05:59,415 - INFO - Epoch: 5/5, Iter: 124/457 -- train_loss: 0.7056 
2026-10-03 05:05:59,661 - INFO - Epoch: 5/5, Iter: 125/457 -- train_loss: 0.5972 
2026-10-03 05:05:59,860 - INFO - Epoch: 5/5, Iter: 126/457 -- train_loss: 0.1675 
2026-10-03 05:06:00,110 - INFO - Epoch: 5/5, Iter: 127/457 -- train_loss: 0.6230 
2026-10-03 05:06:01,243 - INFO - Epoch: 5/5, Iter: 128/457 -- train_loss: 0.1455 
2026-10-03 05:06:01,435 - INFO - Epoch: 5/5, Iter: 129/457 -- train_loss: 0.1371 
2026-10-03 05:06:01,684 - INFO - Epoch: 5/5, Iter: 130/457 -- train_loss: 0.6641 
2026-10-03 05:06:01,875 - INFO - Epoch: 5/5, Iter: 131/457 -- train_loss: 0.1130 
2026-10-03 05:06:05,235 - INFO - Epoch: 5/5, Iter: 132/457 -- train_loss: 0.8696 
2026-10-03 05:06:05,480 - INFO - Epoch: 5/5, Iter: 133/457 -- train_loss: 0.5630 
2026-10-03 05:06:05,723 - INFO - Epoch: 5/5, Iter: 134/457 -- train_loss: 0.7119 
2026-10-03 05:06:05,970 - INFO - Epoch: 5/5, Iter: 135/457 -- train_loss: 0.4192 
2026-10-03 05:06:06,916 - INFO - Epoch: 5/5, Iter: 136/457 -- train_loss: 0.5649 
2026-10-03 05:06:07,159 - INFO - Epoch: 5/5, Iter: 137/457 -- train_loss: 0.6128 
2026-10-03 05:06:07,412 - INFO - Epoch: 5/5, Iter: 138/457 -- train_loss: 0.8193 
2026-10-03 05:06:07,658 - INFO - Epoch: 5/5, Iter: 139/457 -- train_loss: 0.5742 
2026-10-03 05:06:10,805 - INFO - Epoch: 5/5, Iter: 140/457 -- train_loss: 0.1646 
2026-10-03 05:06:11,059 - INFO - Epoch: 5/5, Iter: 141/457 -- train_loss: 0.6997 
2026-10-03 05:06:11,315 - INFO - Epoch: 5/5, Iter: 142/457 -- train_loss: 0.9453 
2026-10-03 05:06:11,570 - INFO - Epoch: 5/5, Iter: 143/457 -- train_loss: 0.7324 
2026-10-03 05:06:12,638 - INFO - Epoch: 5/5, Iter: 144/457 -- train_loss: 0.7822 
2026-10-03 05:06:12,888 - INFO - Epoch: 5/5, Iter: 145/457 -- train_loss: 0.5811 
2026-10-03 05:06:13,130 - INFO - Epoch: 5/5, Iter: 146/457 -- train_loss: 0.5649 
2026-10-03 05:06:13,374 - INFO - Epoch: 5/5, Iter: 147/457 -- train_loss: 0.6055 
2026-10-03 05:06:14,918 - INFO - Epoch: 5/5, Iter: 148/457 -- train_loss: 0.3066 
2026-10-03 05:06:15,754 - INFO - Epoch: 5/5, Iter: 149/457 -- train_loss: 0.5620 
2026-10-03 05:06:16,006 - INFO - Epoch: 5/5, Iter: 150/457 -- train_loss: 0.5654 
2026-10-03 05:06:16,253 - INFO - Epoch: 5/5, Iter: 151/457 -- train_loss: 0.4114 
2026-10-03 05:06:18,104 - INFO - Epoch: 5/5, Iter: 152/457 -- train_loss: 0.7969 
2026-10-03 05:06:18,371 - INFO - Epoch: 5/5, Iter: 153/457 -- train_loss: 0.8052 
2026-10-03 05:06:18,621 - INFO - Epoch: 5/5, Iter: 154/457 -- train_loss: 0.6172 
2026-10-03 05:06:18,818 - INFO - Epoch: 5/5, Iter: 155/457 -- train_loss: 0.2003 
2026-10-03 05:06:19,786 - INFO - Epoch: 5/5, Iter: 156/457 -- train_loss: 0.6338 
2026-10-03 05:06:19,990 - INFO - Epoch: 5/5, Iter: 157/457 -- train_loss: 0.1985 
2026-10-03 05:06:20,235 - INFO - Epoch: 5/5, Iter: 158/457 -- train_loss: 0.7236 
2026-10-03 05:06:20,433 - INFO - Epoch: 5/5, Iter: 159/457 -- train_loss: 0.1583 
2026-10-03 05:06:21,379 - INFO - Epoch: 5/5, Iter: 160/457 -- train_loss: 0.5571 
2026-10-03 05:06:22,794 - INFO - Epoch: 5/5, Iter: 161/457 -- train_loss: 0.4250 
2026-10-03 05:06:23,048 - INFO - Epoch: 5/5, Iter: 162/457 -- train_loss: 0.7046 
2026-10-03 05:06:23,295 - INFO - Epoch: 5/5, Iter: 163/457 -- train_loss: 0.6484 
2026-10-03 05:06:24,863 - INFO - Epoch: 5/5, Iter: 164/457 -- train_loss: 0.7358 
2026-10-03 05:06:25,246 - INFO - Epoch: 5/5, Iter: 165/457 -- train_loss: 0.1262 
2026-10-03 05:06:25,504 - INFO - Epoch: 5/5, Iter: 166/457 -- train_loss: 0.7349 
2026-10-03 05:06:25,756 - INFO - Epoch: 5/5, Iter: 167/457 -- train_loss: 0.5508 
2026-10-03 05:06:27,002 - INFO - Epoch: 5/5, Iter: 168/457 -- train_loss: 0.5034 
2026-10-03 05:06:27,265 - INFO - Epoch: 5/5, Iter: 169/457 -- train_loss: 0.7837 
2026-10-03 05:06:27,522 - INFO - Epoch: 5/5, Iter: 170/457 -- train_loss: 0.8320 
2026-10-03 05:06:27,720 - INFO - Epoch: 5/5, Iter: 171/457 -- train_loss: 0.1704 
2026-10-03 05:06:28,663 - INFO - Epoch: 5/5, Iter: 172/457 -- train_loss: 0.8745 
2026-10-03 05:06:28,857 - INFO - Epoch: 5/5, Iter: 173/457 -- train_loss: 0.1842 
2026-10-03 05:06:29,325 - INFO - Epoch: 5/5, Iter: 174/457 -- train_loss: 0.1670 
2026-10-03 05:06:29,793 - INFO - Epoch: 5/5, Iter: 175/457 -- train_loss: 0.1665 
2026-10-03 05:06:31,734 - INFO - Epoch: 5/5, Iter: 176/457 -- train_loss: 0.5532 
2026-10-03 05:06:31,998 - INFO - Epoch: 5/5, Iter: 177/457 -- train_loss: 0.7461 
2026-10-03 05:06:32,246 - INFO - Epoch: 5/5, Iter: 178/457 -- train_loss: 0.7134 
2026-10-03 05:06:32,494 - INFO - Epoch: 5/5, Iter: 179/457 -- train_loss: 0.4023 
2026-10-03 05:06:35,563 - INFO - Epoch: 5/5, Iter: 180/457 -- train_loss: 0.8984 
2026-10-03 05:06:35,753 - INFO - Epoch: 5/5, Iter: 181/457 -- train_loss: 0.1587 
2026-10-03 05:06:35,998 - INFO - Epoch: 5/5, Iter: 182/457 -- train_loss: 0.6826 
2026-10-03 05:06:36,245 - INFO - Epoch: 5/5, Iter: 183/457 -- train_loss: 0.5581 
2026-10-03 05:06:37,963 - INFO - Epoch: 5/5, Iter: 184/457 -- train_loss: 0.6611 
2026-10-03 05:06:38,208 - INFO - Epoch: 5/5, Iter: 185/457 -- train_loss: 0.6377 
2026-10-03 05:06:38,451 - INFO - Epoch: 5/5, Iter: 186/457 -- train_loss: 0.5542 
2026-10-03 05:06:38,644 - INFO - Epoch: 5/5, Iter: 187/457 -- train_loss: 0.1860 
2026-10-03 05:06:39,676 - INFO - Epoch: 5/5, Iter: 188/457 -- train_loss: 0.7178 
2026-10-03 05:06:39,932 - INFO - Epoch: 5/5, Iter: 189/457 -- train_loss: 0.7632 
2026-10-03 05:06:40,179 - INFO - Epoch: 5/5, Iter: 190/457 -- train_loss: 0.5615 
2026-10-03 05:06:40,424 - INFO - Epoch: 5/5, Iter: 191/457 -- train_loss: 1.0898 
2026-10-03 05:06:42,661 - INFO - Epoch: 5/5, Iter: 192/457 -- train_loss: 0.7822 
2026-10-03 05:06:42,854 - INFO - Epoch: 5/5, Iter: 193/457 -- train_loss: 0.1797 
2026-10-03 05:06:43,107 - INFO - Epoch: 5/5, Iter: 194/457 -- train_loss: 0.8838 
2026-10-03 05:06:43,353 - INFO - Epoch: 5/5, Iter: 195/457 -- train_loss: 0.6343 
2026-10-03 05:06:45,173 - INFO - Epoch: 5/5, Iter: 196/457 -- train_loss: 0.6260 
2026-10-03 05:06:45,418 - INFO - Epoch: 5/5, Iter: 197/457 -- train_loss: 0.5410 
2026-10-03 05:06:45,665 - INFO - Epoch: 5/5, Iter: 198/457 -- train_loss: 0.6777 
2026-10-03 05:06:45,921 - INFO - Epoch: 5/5, Iter: 199/457 -- train_loss: 0.9404 
2026-10-03 05:06:46,844 - INFO - Epoch: 5/5, Iter: 200/457 -- train_loss: 0.6704 
2026-10-03 05:06:47,094 - INFO - Epoch: 5/5, Iter: 201/457 -- train_loss: 0.7466 
2026-10-03 05:06:47,340 - INFO - Epoch: 5/5, Iter: 202/457 -- train_loss: 0.5225 
2026-10-03 05:06:47,588 - INFO - Epoch: 5/5, Iter: 203/457 -- train_loss: 0.5088 
2026-10-03 05:06:49,004 - INFO - Epoch: 5/5, Iter: 204/457 -- train_loss: 0.7368 
2026-10-03 05:06:49,269 - INFO - Epoch: 5/5, Iter: 205/457 -- train_loss: 0.5215 
2026-10-03 05:06:49,541 - INFO - Epoch: 5/5, Iter: 206/457 -- train_loss: 0.5986 
2026-10-03 05:06:49,805 - INFO - Epoch: 5/5, Iter: 207/457 -- train_loss: 0.7036 
2026-10-03 05:06:51,302 - INFO - Epoch: 5/5, Iter: 208/457 -- train_loss: 0.7207 
2026-10-03 05:06:51,679 - INFO - Epoch: 5/5, Iter: 209/457 -- train_loss: 0.5532 
2026-10-03 05:06:52,191 - INFO - Epoch: 5/5, Iter: 210/457 -- train_loss: 0.8208 
2026-10-03 05:06:52,450 - INFO - Epoch: 5/5, Iter: 211/457 -- train_loss: 0.7920 
2026-10-03 05:06:53,445 - INFO - Epoch: 5/5, Iter: 212/457 -- train_loss: 0.6416 
2026-10-03 05:06:54,130 - INFO - Epoch: 5/5, Iter: 213/457 -- train_loss: 0.5317 
2026-10-03 05:06:54,380 - INFO - Epoch: 5/5, Iter: 214/457 -- train_loss: 0.6055 
2026-10-03 05:06:54,572 - INFO - Epoch: 5/5, Iter: 215/457 -- train_loss: 0.2520 
2026-10-03 05:06:57,719 - INFO - Epoch: 5/5, Iter: 216/457 -- train_loss: 0.7383 
2026-10-03 05:06:57,959 - INFO - Epoch: 5/5, Iter: 217/457 -- train_loss: 0.6157 
2026-10-03 05:06:58,152 - INFO - Epoch: 5/5, Iter: 218/457 -- train_loss: 0.2023 
2026-10-03 05:06:58,399 - INFO - Epoch: 5/5, Iter: 219/457 -- train_loss: 0.6182 
2026-10-03 05:07:01,818 - INFO - Epoch: 5/5, Iter: 220/457 -- train_loss: 0.5469 
2026-10-03 05:07:02,071 - INFO - Epoch: 5/5, Iter: 221/457 -- train_loss: 0.7583 
2026-10-03 05:07:02,312 - INFO - Epoch: 5/5, Iter: 222/457 -- train_loss: 0.4810 
2026-10-03 05:07:02,554 - INFO - Epoch: 5/5, Iter: 223/457 -- train_loss: 0.6426 
2026-10-03 05:07:05,094 - INFO - Epoch: 5/5, Iter: 224/457 -- train_loss: 0.5396 
2026-10-03 05:07:05,337 - INFO - Epoch: 5/5, Iter: 225/457 -- train_loss: 0.6743 
2026-10-03 05:07:05,579 - INFO - Epoch: 5/5, Iter: 226/457 -- train_loss: 0.6313 
2026-10-03 05:07:05,827 - INFO - Epoch: 5/5, Iter: 227/457 -- train_loss: 0.6230 
2026-10-03 05:07:07,394 - INFO - Epoch: 5/5, Iter: 228/457 -- train_loss: 0.5591 
2026-10-03 05:07:07,638 - INFO - Epoch: 5/5, Iter: 229/457 -- train_loss: 0.5537 
2026-10-03 05:07:07,880 - INFO - Epoch: 5/5, Iter: 230/457 -- train_loss: 0.6250 
2026-10-03 05:07:08,130 - INFO - Epoch: 5/5, Iter: 231/457 -- train_loss: 0.6182 
2026-10-03 05:07:10,236 - INFO - Epoch: 5/5, Iter: 232/457 -- train_loss: 0.5518 
2026-10-03 05:07:10,481 - INFO - Epoch: 5/5, Iter: 233/457 -- train_loss: 0.6812 
2026-10-03 05:07:10,675 - INFO - Epoch: 5/5, Iter: 234/457 -- train_loss: 0.2078 
2026-10-03 05:07:10,927 - INFO - Epoch: 5/5, Iter: 235/457 -- train_loss: 0.8604 
2026-10-03 05:07:11,713 - INFO - Epoch: 5/5, Iter: 236/457 -- train_loss: 0.6787 
2026-10-03 05:07:11,907 - INFO - Epoch: 5/5, Iter: 237/457 -- train_loss: 0.2396 
2026-10-03 05:07:12,150 - INFO - Epoch: 5/5, Iter: 238/457 -- train_loss: 0.6289 
2026-10-03 05:07:13,152 - INFO - Epoch: 5/5, Iter: 239/457 -- train_loss: 0.1829 
2026-10-03 05:07:13,946 - INFO - Epoch: 5/5, Iter: 240/457 -- train_loss: 0.6206 
2026-10-03 05:07:14,198 - INFO - Epoch: 5/5, Iter: 241/457 -- train_loss: 0.5356 
2026-10-03 05:07:14,455 - INFO - Epoch: 5/5, Iter: 242/457 -- train_loss: 0.6636 
2026-10-03 05:07:15,409 - INFO - Epoch: 5/5, Iter: 243/457 -- train_loss: 0.8936 
2026-10-03 05:07:16,131 - INFO - Epoch: 5/5, Iter: 244/457 -- train_loss: 0.7676 
2026-10-03 05:07:16,399 - INFO - Epoch: 5/5, Iter: 245/457 -- train_loss: 0.8242 
2026-10-03 05:07:16,670 - INFO - Epoch: 5/5, Iter: 246/457 -- train_loss: 0.6943 
2026-10-03 05:07:18,029 - INFO - Epoch: 5/5, Iter: 247/457 -- train_loss: 0.5718 
2026-10-03 05:07:18,465 - INFO - Epoch: 5/5, Iter: 248/457 -- train_loss: 0.4033 
2026-10-03 05:07:18,663 - INFO - Epoch: 5/5, Iter: 249/457 -- train_loss: 0.2306 
2026-10-03 05:07:18,928 - INFO - Epoch: 5/5, Iter: 250/457 -- train_loss: 0.7036 
2026-10-03 05:07:19,505 - INFO - Epoch: 5/5, Iter: 251/457 -- train_loss: 0.5811 
2026-10-03 05:07:21,140 - INFO - Epoch: 5/5, Iter: 252/457 -- train_loss: 0.3799 
2026-10-03 05:07:21,386 - INFO - Epoch: 5/5, Iter: 253/457 -- train_loss: 0.6392 
2026-10-03 05:07:21,632 - INFO - Epoch: 5/5, Iter: 254/457 -- train_loss: 0.6479 
2026-10-03 05:07:21,835 - INFO - Epoch: 5/5, Iter: 255/457 -- train_loss: 0.1676 
2026-10-03 05:07:24,723 - INFO - Epoch: 5/5, Iter: 256/457 -- train_loss: 0.6372 
2026-10-03 05:07:24,973 - INFO - Epoch: 5/5, Iter: 257/457 -- train_loss: 0.8418 
2026-10-03 05:07:25,219 - INFO - Epoch: 5/5, Iter: 258/457 -- train_loss: 0.5981 
2026-10-03 05:07:25,411 - INFO - Epoch: 5/5, Iter: 259/457 -- train_loss: 0.1805 
2026-10-03 05:07:25,947 - INFO - Epoch: 5/5, Iter: 260/457 -- train_loss: 0.6523 
2026-10-03 05:07:26,295 - INFO - Epoch: 5/5, Iter: 261/457 -- train_loss: 0.5386 
2026-10-03 05:07:26,548 - INFO - Epoch: 5/5, Iter: 262/457 -- train_loss: 0.7515 
2026-10-03 05:07:27,867 - INFO - Epoch: 5/5, Iter: 263/457 -- train_loss: 0.5420 
2026-10-03 05:07:28,112 - INFO - Epoch: 5/5, Iter: 264/457 -- train_loss: 0.5811 
2026-10-03 05:07:28,312 - INFO - Epoch: 5/5, Iter: 265/457 -- train_loss: 0.1620 
2026-10-03 05:07:28,555 - INFO - Epoch: 5/5, Iter: 266/457 -- train_loss: 0.6650 
2026-10-03 05:07:29,311 - INFO - Epoch: 5/5, Iter: 267/457 -- train_loss: 0.7275 
2026-10-03 05:07:31,011 - INFO - Epoch: 5/5, Iter: 268/457 -- train_loss: 0.6104 
2026-10-03 05:07:31,319 - INFO - Epoch: 5/5, Iter: 269/457 -- train_loss: 0.7451 
2026-10-03 05:07:31,574 - INFO - Epoch: 5/5, Iter: 270/457 -- train_loss: 0.8271 
2026-10-03 05:07:32,853 - INFO - Epoch: 5/5, Iter: 271/457 -- train_loss: 0.7617 
2026-10-03 05:07:33,960 - INFO - Epoch: 5/5, Iter: 272/457 -- train_loss: 0.5938 
2026-10-03 05:07:34,223 - INFO - Epoch: 5/5, Iter: 273/457 -- train_loss: 0.8467 
2026-10-03 05:07:34,420 - INFO - Epoch: 5/5, Iter: 274/457 -- train_loss: 0.2145 
2026-10-03 05:07:35,026 - INFO - Epoch: 5/5, Iter: 275/457 -- train_loss: 0.4453 
2026-10-03 05:07:37,256 - INFO - Epoch: 5/5, Iter: 276/457 -- train_loss: 0.2024 
2026-10-03 05:07:37,504 - INFO - Epoch: 5/5, Iter: 277/457 -- train_loss: 0.5869 
2026-10-03 05:07:37,754 - INFO - Epoch: 5/5, Iter: 278/457 -- train_loss: 0.6104 
2026-10-03 05:07:38,022 - INFO - Epoch: 5/5, Iter: 279/457 -- train_loss: 0.7124 
2026-10-03 05:07:39,875 - INFO - Epoch: 5/5, Iter: 280/457 -- train_loss: 0.7393 
2026-10-03 05:07:40,121 - INFO - Epoch: 5/5, Iter: 281/457 -- train_loss: 0.7319 
2026-10-03 05:07:40,376 - INFO - Epoch: 5/5, Iter: 282/457 -- train_loss: 0.7910 
2026-10-03 05:07:40,620 - INFO - Epoch: 5/5, Iter: 283/457 -- train_loss: 0.6074 
2026-10-03 05:07:42,593 - INFO - Epoch: 5/5, Iter: 284/457 -- train_loss: 0.4937 
2026-10-03 05:07:42,845 - INFO - Epoch: 5/5, Iter: 285/457 -- train_loss: 0.8359 
2026-10-03 05:07:43,107 - INFO - Epoch: 5/5, Iter: 286/457 -- train_loss: 0.7207 
2026-10-03 05:07:43,362 - INFO - Epoch: 5/5, Iter: 287/457 -- train_loss: 0.6289 
2026-10-03 05:07:44,210 - INFO - Epoch: 5/5, Iter: 288/457 -- train_loss: 0.7627 
2026-10-03 05:07:44,475 - INFO - Epoch: 5/5, Iter: 289/457 -- train_loss: 0.7827 
2026-10-03 05:07:44,721 - INFO - Epoch: 5/5, Iter: 290/457 -- train_loss: 0.5601 
2026-10-03 05:07:46,257 - INFO - Epoch: 5/5, Iter: 291/457 -- train_loss: 0.6333 
2026-10-03 05:07:46,514 - INFO - Epoch: 5/5, Iter: 292/457 -- train_loss: 0.7935 
2026-10-03 05:07:46,780 - INFO - Epoch: 5/5, Iter: 293/457 -- train_loss: 0.7104 
2026-10-03 05:07:47,037 - INFO - Epoch: 5/5, Iter: 294/457 -- train_loss: 0.8105 
2026-10-03 05:07:48,566 - INFO - Epoch: 5/5, Iter: 295/457 -- train_loss: 0.5952 
2026-10-03 05:07:48,818 - INFO - Epoch: 5/5, Iter: 296/457 -- train_loss: 0.4446 
2026-10-03 05:07:49,077 - INFO - Epoch: 5/5, Iter: 297/457 -- train_loss: 0.7246 
2026-10-03 05:07:49,335 - INFO - Epoch: 5/5, Iter: 298/457 -- train_loss: 0.7417 
2026-10-03 05:07:50,984 - INFO - Epoch: 5/5, Iter: 299/457 -- train_loss: 0.6436 
2026-10-03 05:07:51,231 - INFO - Epoch: 5/5, Iter: 300/457 -- train_loss: 0.7061 
2026-10-03 05:07:51,486 - INFO - Epoch: 5/5, Iter: 301/457 -- train_loss: 0.6201 
2026-10-03 05:07:51,728 - INFO - Epoch: 5/5, Iter: 302/457 -- train_loss: 0.5840 
2026-10-03 05:07:54,776 - INFO - Epoch: 5/5, Iter: 303/457 -- train_loss: 0.3984 
2026-10-03 05:07:55,021 - INFO - Epoch: 5/5, Iter: 304/457 -- train_loss: 0.6479 
2026-10-03 05:07:55,212 - INFO - Epoch: 5/5, Iter: 305/457 -- train_loss: 0.2155 
2026-10-03 05:07:55,470 - INFO - Epoch: 5/5, Iter: 306/457 -- train_loss: 0.7886 
2026-10-03 05:07:58,126 - INFO - Epoch: 5/5, Iter: 307/457 -- train_loss: 0.7178 
2026-10-03 05:07:58,369 - INFO - Epoch: 5/5, Iter: 308/457 -- train_loss: 0.4749 
2026-10-03 05:07:58,611 - INFO - Epoch: 5/5, Iter: 309/457 -- train_loss: 0.5317 
2026-10-03 05:07:58,857 - INFO - Epoch: 5/5, Iter: 310/457 -- train_loss: 0.5537 
2026-10-03 05:07:59,991 - INFO - Epoch: 5/5, Iter: 311/457 -- train_loss: 0.1782 
2026-10-03 05:08:00,188 - INFO - Epoch: 5/5, Iter: 312/457 -- train_loss: 0.1462 
2026-10-03 05:08:00,429 - INFO - Epoch: 5/5, Iter: 313/457 -- train_loss: 0.5864 
2026-10-03 05:08:00,673 - INFO - Epoch: 5/5, Iter: 314/457 -- train_loss: 0.5605 
2026-10-03 05:08:02,044 - INFO - Epoch: 5/5, Iter: 315/457 -- train_loss: 0.5322 
2026-10-03 05:08:02,290 - INFO - Epoch: 5/5, Iter: 316/457 -- train_loss: 0.5796 
2026-10-03 05:08:02,534 - INFO - Epoch: 5/5, Iter: 317/457 -- train_loss: 0.6548 
2026-10-03 05:08:02,725 - INFO - Epoch: 5/5, Iter: 318/457 -- train_loss: 0.1243 
2026-10-03 05:08:04,779 - INFO - Epoch: 5/5, Iter: 319/457 -- train_loss: 0.4888 
2026-10-03 05:08:05,034 - INFO - Epoch: 5/5, Iter: 320/457 -- train_loss: 0.6450 
2026-10-03 05:08:05,287 - INFO - Epoch: 5/5, Iter: 321/457 -- train_loss: 0.7568 
2026-10-03 05:08:05,565 - INFO - Epoch: 5/5, Iter: 322/457 -- train_loss: 0.5435 
2026-10-03 05:08:06,926 - INFO - Epoch: 5/5, Iter: 323/457 -- train_loss: 0.4751 
2026-10-03 05:08:07,175 - INFO - Epoch: 5/5, Iter: 324/457 -- train_loss: 0.6172 
2026-10-03 05:08:07,374 - INFO - Epoch: 5/5, Iter: 325/457 -- train_loss: 0.1464 
2026-10-03 05:08:09,139 - INFO - Epoch: 5/5, Iter: 326/457 -- train_loss: 0.1387 
2026-10-03 05:08:12,001 - INFO - Epoch: 5/5, Iter: 327/457 -- train_loss: 0.6621 
2026-10-03 05:08:12,195 - INFO - Epoch: 5/5, Iter: 328/457 -- train_loss: 0.1428 
2026-10-03 05:08:12,449 - INFO - Epoch: 5/5, Iter: 329/457 -- train_loss: 0.6973 
2026-10-03 05:08:12,691 - INFO - Epoch: 5/5, Iter: 330/457 -- train_loss: 0.4592 
2026-10-03 05:08:13,468 - INFO - Epoch: 5/5, Iter: 331/457 -- train_loss: 0.7695 
2026-10-03 05:08:13,721 - INFO - Epoch: 5/5, Iter: 332/457 -- train_loss: 0.8721 
2026-10-03 05:08:13,972 - INFO - Epoch: 5/5, Iter: 333/457 -- train_loss: 0.8228 
2026-10-03 05:08:14,228 - INFO - Epoch: 5/5, Iter: 334/457 -- train_loss: 0.8281 
2026-10-03 05:08:16,211 - INFO - Epoch: 5/5, Iter: 335/457 -- train_loss: 0.7402 
2026-10-03 05:08:16,456 - INFO - Epoch: 5/5, Iter: 336/457 -- train_loss: 0.5645 
2026-10-03 05:08:16,701 - INFO - Epoch: 5/5, Iter: 337/457 -- train_loss: 0.3721 
2026-10-03 05:08:17,052 - INFO - Epoch: 5/5, Iter: 338/457 -- train_loss: 0.6787 
2026-10-03 05:08:17,707 - INFO - Epoch: 5/5, Iter: 339/457 -- train_loss: 0.2479 
2026-10-03 05:08:17,966 - INFO - Epoch: 5/5, Iter: 340/457 -- train_loss: 0.7466 
2026-10-03 05:08:18,210 - INFO - Epoch: 5/5, Iter: 341/457 -- train_loss: 0.6157 
2026-10-03 05:08:18,415 - INFO - Epoch: 5/5, Iter: 342/457 -- train_loss: 0.2484 
2026-10-03 05:08:20,010 - INFO - Epoch: 5/5, Iter: 343/457 -- train_loss: 0.1875 
2026-10-03 05:08:20,267 - INFO - Epoch: 5/5, Iter: 344/457 -- train_loss: 0.7715 
2026-10-03 05:08:20,533 - INFO - Epoch: 5/5, Iter: 345/457 -- train_loss: 0.8340 
2026-10-03 05:08:20,789 - INFO - Epoch: 5/5, Iter: 346/457 -- train_loss: 0.5791 
2026-10-03 05:08:23,241 - INFO - Epoch: 5/5, Iter: 347/457 -- train_loss: 0.8286 
2026-10-03 05:08:23,488 - INFO - Epoch: 5/5, Iter: 348/457 -- train_loss: 0.6479 
2026-10-03 05:08:23,907 - INFO - Epoch: 5/5, Iter: 349/457 -- train_loss: 0.5820 
2026-10-03 05:08:24,152 - INFO - Epoch: 5/5, Iter: 350/457 -- train_loss: 0.6436 
2026-10-03 05:08:26,690 - INFO - Epoch: 5/5, Iter: 351/457 -- train_loss: 0.7612 
2026-10-03 05:08:26,935 - INFO - Epoch: 5/5, Iter: 352/457 -- train_loss: 0.4812 
2026-10-03 05:08:27,190 - INFO - Epoch: 5/5, Iter: 353/457 -- train_loss: 0.7266 
2026-10-03 05:08:27,443 - INFO - Epoch: 5/5, Iter: 354/457 -- train_loss: 0.7310 
2026-10-03 05:08:29,340 - INFO - Epoch: 5/5, Iter: 355/457 -- train_loss: 0.5742 
2026-10-03 05:08:29,587 - INFO - Epoch: 5/5, Iter: 356/457 -- train_loss: 0.5552 
2026-10-03 05:08:29,838 - INFO - Epoch: 5/5, Iter: 357/457 -- train_loss: 0.6924 
2026-10-03 05:08:30,082 - INFO - Epoch: 5/5, Iter: 358/457 -- train_loss: 0.4998 
2026-10-03 05:08:32,538 - INFO - Epoch: 5/5, Iter: 359/457 -- train_loss: 0.5029 
2026-10-03 05:08:32,782 - INFO - Epoch: 5/5, Iter: 360/457 -- train_loss: 0.6592 
2026-10-03 05:08:32,974 - INFO - Epoch: 5/5, Iter: 361/457 -- train_loss: 0.2472 
2026-10-03 05:08:33,223 - INFO - Epoch: 5/5, Iter: 362/457 -- train_loss: 0.8691 
2026-10-03 05:08:34,918 - INFO - Epoch: 5/5, Iter: 363/457 -- train_loss: 0.6543 
2026-10-03 05:08:35,175 - INFO - Epoch: 5/5, Iter: 364/457 -- train_loss: 0.8413 
2026-10-03 05:08:35,376 - INFO - Epoch: 5/5, Iter: 365/457 -- train_loss: 0.1788 
2026-10-03 05:08:35,566 - INFO - Epoch: 5/5, Iter: 366/457 -- train_loss: 0.1807 
2026-10-03 05:08:37,990 - INFO - Epoch: 5/5, Iter: 367/457 -- train_loss: 0.5918 
2026-10-03 05:08:38,236 - INFO - Epoch: 5/5, Iter: 368/457 -- train_loss: 0.6011 
2026-10-03 05:08:38,479 - INFO - Epoch: 5/5, Iter: 369/457 -- train_loss: 0.5771 
2026-10-03 05:08:38,729 - INFO - Epoch: 5/5, Iter: 370/457 -- train_loss: 0.8022 
2026-10-03 05:08:40,409 - INFO - Epoch: 5/5, Iter: 371/457 -- train_loss: 0.4639 
2026-10-03 05:08:40,651 - INFO - Epoch: 5/5, Iter: 372/457 -- train_loss: 0.5356 
2026-10-03 05:08:40,893 - INFO - Epoch: 5/5, Iter: 373/457 -- train_loss: 0.6328 
2026-10-03 05:08:41,152 - INFO - Epoch: 5/5, Iter: 374/457 -- train_loss: 0.6694 
2026-10-03 05:08:42,525 - INFO - Epoch: 5/5, Iter: 375/457 -- train_loss: 0.5693 
2026-10-03 05:08:42,721 - INFO - Epoch: 5/5, Iter: 376/457 -- train_loss: 0.1747 
2026-10-03 05:08:42,978 - INFO - Epoch: 5/5, Iter: 377/457 -- train_loss: 0.6230 
2026-10-03 05:08:43,229 - INFO - Epoch: 5/5, Iter: 378/457 -- train_loss: 0.6875 
2026-10-03 05:08:44,046 - INFO - Epoch: 5/5, Iter: 379/457 -- train_loss: 0.8398 
2026-10-03 05:08:44,294 - INFO - Epoch: 5/5, Iter: 380/457 -- train_loss: 0.6006 
2026-10-03 05:08:45,601 - INFO - Epoch: 5/5, Iter: 381/457 -- train_loss: 0.5483 
2026-10-03 05:08:45,844 - INFO - Epoch: 5/5, Iter: 382/457 -- train_loss: 0.6069 
2026-10-03 05:08:46,470 - INFO - Epoch: 5/5, Iter: 383/457 -- train_loss: 0.5791 
2026-10-03 05:08:46,714 - INFO - Epoch: 5/5, Iter: 384/457 -- train_loss: 0.5723 
2026-10-03 05:08:46,970 - INFO - Epoch: 5/5, Iter: 385/457 -- train_loss: 0.6411 
2026-10-03 05:08:47,225 - INFO - Epoch: 5/5, Iter: 386/457 -- train_loss: 0.8154 
2026-10-03 05:08:49,851 - INFO - Epoch: 5/5, Iter: 387/457 -- train_loss: 0.6035 
2026-10-03 05:08:50,102 - INFO - Epoch: 5/5, Iter: 388/457 -- train_loss: 0.6953 
2026-10-03 05:08:50,542 - INFO - Epoch: 5/5, Iter: 389/457 -- train_loss: 0.7534 
2026-10-03 05:08:50,795 - INFO - Epoch: 5/5, Iter: 390/457 -- train_loss: 0.6689 
2026-10-03 05:08:52,048 - INFO - Epoch: 5/5, Iter: 391/457 -- train_loss: 0.6934 
2026-10-03 05:08:52,238 - INFO - Epoch: 5/5, Iter: 392/457 -- train_loss: 0.2327 
2026-10-03 05:08:52,500 - INFO - Epoch: 5/5, Iter: 393/457 -- train_loss: 0.7002 
2026-10-03 05:08:52,692 - INFO - Epoch: 5/5, Iter: 394/457 -- train_loss: 0.1903 
2026-10-03 05:08:54,565 - INFO - Epoch: 5/5, Iter: 395/457 -- train_loss: 0.4917 
2026-10-03 05:08:54,808 - INFO - Epoch: 5/5, Iter: 396/457 -- train_loss: 0.5532 
2026-10-03 05:08:54,999 - INFO - Epoch: 5/5, Iter: 397/457 -- train_loss: 0.1555 
2026-10-03 05:08:55,190 - INFO - Epoch: 5/5, Iter: 398/457 -- train_loss: 0.1364 
2026-10-03 05:08:56,193 - INFO - Epoch: 5/5, Iter: 399/457 -- train_loss: 0.7495 
2026-10-03 05:08:56,437 - INFO - Epoch: 5/5, Iter: 400/457 -- train_loss: 0.5176 
2026-10-03 05:08:56,682 - INFO - Epoch: 5/5, Iter: 401/457 -- train_loss: 0.5962 
2026-10-03 05:08:57,516 - INFO - Epoch: 5/5, Iter: 402/457 -- train_loss: 0.5630 
2026-10-03 05:09:00,196 - INFO - Epoch: 5/5, Iter: 403/457 -- train_loss: 0.5391 
2026-10-03 05:09:00,388 - INFO - Epoch: 5/5, Iter: 404/457 -- train_loss: 0.1088 
2026-10-03 05:09:00,579 - INFO - Epoch: 5/5, Iter: 405/457 -- train_loss: 0.1104 
2026-10-03 05:09:00,785 - INFO - Epoch: 5/5, Iter: 406/457 -- train_loss: 0.1033 
2026-10-03 05:09:02,984 - INFO - Epoch: 5/5, Iter: 407/457 -- train_loss: 0.0963 
2026-10-03 05:09:03,238 - INFO - Epoch: 5/5, Iter: 408/457 -- train_loss: 1.0664 
2026-10-03 05:09:03,483 - INFO - Epoch: 5/5, Iter: 409/457 -- train_loss: 1.2793 
2026-10-03 05:09:03,682 - INFO - Epoch: 5/5, Iter: 410/457 -- train_loss: 0.0924 
2026-10-03 05:09:04,092 - INFO - Epoch: 5/5, Iter: 411/457 -- train_loss: 0.0905 
2026-10-03 05:09:04,579 - INFO - Epoch: 5/5, Iter: 412/457 -- train_loss: 0.9844 
2026-10-03 05:09:04,832 - INFO - Epoch: 5/5, Iter: 413/457 -- train_loss: 0.8892 
2026-10-03 05:09:05,919 - INFO - Epoch: 5/5, Iter: 414/457 -- train_loss: 0.9170 
2026-10-03 05:09:06,885 - INFO - Epoch: 5/5, Iter: 415/457 -- train_loss: 0.8901 
2026-10-03 05:09:07,147 - INFO - Epoch: 5/5, Iter: 416/457 -- train_loss: 0.8032 
2026-10-03 05:09:07,342 - INFO - Epoch: 5/5, Iter: 417/457 -- train_loss: 0.1600 
2026-10-03 05:09:09,146 - INFO - Epoch: 5/5, Iter: 418/457 -- train_loss: 0.1571 
2026-10-03 05:09:09,399 - INFO - Epoch: 5/5, Iter: 419/457 -- train_loss: 0.7744 
2026-10-03 05:09:09,655 - INFO - Epoch: 5/5, Iter: 420/457 -- train_loss: 0.7422 
2026-10-03 05:09:09,911 - INFO - Epoch: 5/5, Iter: 421/457 -- train_loss: 0.7466 
2026-10-03 05:09:12,740 - INFO - Epoch: 5/5, Iter: 422/457 -- train_loss: 0.5615 
2026-10-03 05:09:12,990 - INFO - Epoch: 5/5, Iter: 423/457 -- train_loss: 0.7778 
2026-10-03 05:09:13,243 - INFO - Epoch: 5/5, Iter: 424/457 -- train_loss: 0.7812 
2026-10-03 05:09:13,495 - INFO - Epoch: 5/5, Iter: 425/457 -- train_loss: 0.7437 
2026-10-03 05:09:14,383 - INFO - Epoch: 5/5, Iter: 426/457 -- train_loss: 0.5962 
2026-10-03 05:09:14,723 - INFO - Epoch: 5/5, Iter: 427/457 -- train_loss: 0.3516 
2026-10-03 05:09:14,920 - INFO - Epoch: 5/5, Iter: 428/457 -- train_loss: 0.3191 
2026-10-03 05:09:15,162 - INFO - Epoch: 5/5, Iter: 429/457 -- train_loss: 0.6270 
2026-10-03 05:09:16,666 - INFO - Epoch: 5/5, Iter: 430/457 -- train_loss: 0.4844 
2026-10-03 05:09:18,443 - INFO - Epoch: 5/5, Iter: 431/457 -- train_loss: 0.5063 
2026-10-03 05:09:18,694 - INFO - Epoch: 5/5, Iter: 432/457 -- train_loss: 0.7261 
2026-10-03 05:09:18,944 - INFO - Epoch: 5/5, Iter: 433/457 -- train_loss: 0.8535 
2026-10-03 05:09:19,196 - INFO - Epoch: 5/5, Iter: 434/457 -- train_loss: 0.6392 
2026-10-03 05:09:20,019 - INFO - Epoch: 5/5, Iter: 435/457 -- train_loss: 0.5776 
2026-10-03 05:09:20,262 - INFO - Epoch: 5/5, Iter: 436/457 -- train_loss: 0.5391 
2026-10-03 05:09:20,517 - INFO - Epoch: 5/5, Iter: 437/457 -- train_loss: 0.5356 
2026-10-03 05:09:22,077 - INFO - Epoch: 5/5, Iter: 438/457 -- train_loss: 0.7847 
2026-10-03 05:09:22,326 - INFO - Epoch: 5/5, Iter: 439/457 -- train_loss: 0.7188 
2026-10-03 05:09:22,573 - INFO - Epoch: 5/5, Iter: 440/457 -- train_loss: 0.5181 
2026-10-03 05:09:22,766 - INFO - Epoch: 5/5, Iter: 441/457 -- train_loss: 0.1890 
2026-10-03 05:09:24,194 - INFO - Epoch: 5/5, Iter: 442/457 -- train_loss: 0.5752 
2026-10-03 05:09:24,438 - INFO - Epoch: 5/5, Iter: 443/457 -- train_loss: 0.6079 
2026-10-03 05:09:24,630 - INFO - Epoch: 5/5, Iter: 444/457 -- train_loss: 0.1731 
2026-10-03 05:09:24,885 - INFO - Epoch: 5/5, Iter: 445/457 -- train_loss: 0.6450 
2026-10-03 05:09:25,831 - INFO - Epoch: 5/5, Iter: 446/457 -- train_loss: 0.8276 
2026-10-03 05:09:26,024 - INFO - Epoch: 5/5, Iter: 447/457 -- train_loss: 0.1682 
2026-10-03 05:09:26,280 - INFO - Epoch: 5/5, Iter: 448/457 -- train_loss: 1.0508 
2026-10-03 05:09:27,923 - INFO - Epoch: 5/5, Iter: 449/457 -- train_loss: 0.7437 
2026-10-03 05:09:29,378 - INFO - Epoch: 5/5, Iter: 450/457 -- train_loss: 0.7729 
2026-10-03 05:09:29,632 - INFO - Epoch: 5/5, Iter: 451/457 -- train_loss: 0.5439 
2026-10-03 05:09:29,892 - INFO - Epoch: 5/5, Iter: 452/457 -- train_loss: 0.8149 
2026-10-03 05:09:31,289 - INFO - Epoch: 5/5, Iter: 453/457 -- train_loss: 0.5649 
2026-10-03 05:09:32,334 - INFO - Epoch: 5/5, Iter: 454/457 -- train_loss: 0.4958 
2026-10-03 05:09:32,528 - INFO - Epoch: 5/5, Iter: 455/457 -- train_loss: 0.1807 
2026-10-03 05:09:32,716 - INFO - Epoch: 5/5, Iter: 456/457 -- train_loss: 0.1746 
2026-10-03 05:09:32,909 - INFO - Epoch: 5/5, Iter: 457/457 -- train_loss: 0.1615 
2026-10-03 05:09:32,911 - ignite.engine.engine.DetectionTrainer - INFO - Current learning rate: 0.0006
2026-10-03 05:09:32,911 - ignite.engine.engine.DetectionEvaluator - INFO - Engine run resuming from iteration 0, epoch 4 until 5 epochs
2026-10-03 05:11:23,001 - root - INFO - Start COCO metric computation...
2026-10-03 05:11:23,006 - root - INFO - Statistics for COCO metrics finished (t=0.00s).
2026-10-03 05:11:23,006 - root - INFO - COCO metrics computed in t=0.00s.
2026-10-03 05:11:23,007 - INFO - Epoch[5] Metrics -- val_coco: 0.0000 
2026-10-03 05:11:23,008 - INFO - Key metric: val_coco best value: 0.03506380448074821 at epoch: 3
2026-10-03 05:11:23,010 - ignite.engine.engine.DetectionEvaluator - INFO - Epoch[5] Complete. Time taken: 00:01:49.907
2026-10-03 05:11:23,011 - ignite.engine.engine.DetectionEvaluator - INFO - Engine run complete. Time taken: 00:01:50.099
2026-10-03 05:11:23,029 - ignite.engine.engine.DetectionTrainer - INFO - Epoch[5] Complete. Time taken: 00:06:44.857
2026-10-03 05:11:23,030 - ignite.engine.engine.DetectionTrainer - INFO - Engine run complete. Time taken: 00:34:20.347
